segmentnr	original	analyzed	translated
['T27n1545_021:0104c02_0']	阿毘達磨大毘婆沙論卷第二十	阿毘達磨大毘婆沙論卷第二十	Abhidharma-mahāvibhāṣā-śāstra, fascicle 20
['T27n1545_021:0104c03_0']	一	一	one
['T27n1545_021:0104c05_0']	五百大阿羅漢等造	五百大阿羅漢等造	composed by 500 great arhats and others
['T27n1545_021:0104c08_8']	三藏法師玄奘奉　詔譯13雜蘊第一中智納息第二之十三能作因體即增上緣。	三藏法師玄奘奉　詔譯13雜蘊第一中智納息第二之十三能作因體即增上緣。	tripiṭaka master Xuanzang respectfully received
['T27n1545_021:0104c08_17']	俱一切法為自性故。	俱一切法為自性故。	because all dharmas are their own nature.
['T27n1545_021:0104c09_4']	然義有異。	然義有異。	However, there are differences in meaning.
['T27n1545_021:0104c09_14']	謂多勝義是增上緣義。	謂多勝義是增上緣義。	That is to say, the meaning of predominant condition is mostly the meaning of superior;
['T27n1545_021:0104c10_5']	不障礙義是能作因義。	不障礙義是能作因義。	the meaning of efficient cause is the meaning of non-obstruction.
['T27n1545_021:0104c10_16']	問若多勝義是增上緣義。	問若多勝義是增上緣義。	Question: If the meaning of predominant condition is mostly the meaning of superior,
['T27n1545_021:0104c11_7']	則所緣緣亦應名增上。	則所緣緣亦應名增上。	then the objective condition should also be called predominant,
['T27n1545_021:0104c11_16']	彼體亦攝一切法故。	彼體亦攝一切法故。	because its essence also includes all dharmas.
['T27n1545_021:0104c12_5']	如品類足論辯。	如品類足論辯。	As the Piṇḍa-fīta Sūtra explains,
['T27n1545_021:0104c13_1']	此二緣俱以一切法為自性故。	此二緣俱以一切法為自性故。	because these two conditions both have all dharmas as their essence.
['T27n1545_021:0104c13_15']	答若依相續則此二緣寬狹相似。	答若依相續則此二緣寬狹相似。	Answer: If based on continuity, then these two conditions are similar in being broad and narrow.
['T27n1545_021:0104c14_10']	若依剎那則增上緣體義多勝。	若依剎那則增上緣體義多勝。	If based on a single moment, then the essence of the predominant condition has more superior meaning.
['T27n1545_021:0104c15_6']	謂緣一切法非我行相現在前時。	謂緣一切法非我行相現在前時。	That is to say, when the aspect of non-self is present as a condition for all dharmas,
['T27n1545_021:0104c15_15']	一切法中非所緣者。	一切法中非所緣者。	among all dharmas, that which is not the object
['T27n1545_021:0104c16_6']	謂此自性相應俱有。	謂此自性相應俱有。	refers to its own nature, associated [dharmas], and co-existent [dharmas].
['T27n1545_021:0104c16_15']	非增上者唯此自性。	非增上者唯此自性。	That which is not dominant is only this self-nature.
['T27n1545_021:0104c17_6']	由此相應俱有諸法。	由此相應俱有諸法。	Because the dharmas associated with and coexisting with this are dominant,
['T27n1545_021:0104c17_15']	是此增上非所緣故。	是此增上非所緣故。	but not the object.
['T27n1545_021:0104c18_10']	問若不障礙義是能作因義者。	問若不障礙義是能作因義者。	Question: If the meaning of being unobstructed is the meaning of the efficient cause,
['T27n1545_021:0104c19_4']	則能作因體應不攝一切法。	則能作因體應不攝一切法。	then the substance of the efficient cause should not include all dharmas.
['T27n1545_021:0104c19_17']	謂一有情若有一趣蘊界處起。	謂一有情若有一趣蘊界處起。	That is to say, if one sentient being gives rise to the aggregates, realms, and sense bases of one destiny,
['T27n1545_021:0104c20_12']	即此有情更無第二蘊界處生。	即此有情更無第二蘊界處生。	then for that sentient being there is no second arising of aggregates, realms, and sense bases.
['T27n1545_021:0104c21_3']	若依一眼一眼識生。	若依一眼一眼識生。	If one eye is relied upon, and eye consciousness arises from that eye,
['T27n1545_021:0104c21_12']	於中更無第二識起。	於中更無第二識起。	then within that there is no second consciousness arising.
['T27n1545_021:0104c21_17']	如於一處。	如於一處。	Just as in one place,
['T27n1545_021:0104c22_7']	若有一樹無第二樹。	若有一樹無第二樹。	if there is one tree there is no second tree,
['T27n1545_021:0104c22_16']	若有一舍無第二舍。	若有一舍無第二舍。	if there is one house there is no second house.
['T27n1545_021:0104c23_7']	如是諸法互相障礙。	如是諸法互相障礙。	In this way, these dharmas mutually obstruct each other.
['T27n1545_021:0104c23_16']	云何此因攝一切法。	云何此因攝一切法。	How can this cause include all dharmas?
['T27n1545_021:0104c24_8']	答雖有此事而理無違。	答雖有此事而理無違。	Answer: Although this is the case, there is no contradiction in principle.
['T27n1545_021:0104c25_5']	謂一有情若有一趣蘊界處起義。	謂一有情若有一趣蘊界處起義。	That is to say, if one sentient being gives rise to the aggregates, realms, and sense bases of one destiny,
['T27n1545_021:0104c25_13']	語諸餘蘊界處曰。	語諸餘蘊界處曰。	the meaning is that it addresses the remaining aggregates, realms, and sense bases, saying:
['T27n1545_021:0104c26_8']	我於汝等不為障礙隨汝等生。	我於汝等不為障礙隨汝等生。	I do not obstruct you, so give rise according to you.
['T27n1545_021:0104c27_1']	設我與汝為障礙者。	設我與汝為障礙者。	If I were to obstruct you,
['T27n1545_021:0104c27_10']	汝等於彼則不得生。	汝等於彼則不得生。	you would not be able to arise there.
['T27n1545_021:0104c28_2']	若依一眼眼識現前。	若依一眼眼識現前。	If based on one eye, eye-consciousness is present,
['T27n1545_021:0104c28_11']	此識義語餘眼識言。	此識義語餘眼識言。	this consciousness refers to the other eye-consciousnesses, saying:
['T27n1545_021:0104c29_7']	我於汝等不為障礙隨汝等生。	我於汝等不為障礙隨汝等生。	I do not obstruct you, I follow you and arise.
['T27n1545_021:0104c29_16']	設我與汝為障礙者。	設我與汝為障礙者。	If I were to obstruct you,
['T27n1545_021:0105a01_8']	汝等於彼不得現前。	汝等於彼不得現前。	you would not be able to manifest there.
['T27n1545_021:0105a01_17']	樹及舍喻准此應說。	樹及舍喻准此應說。	The analogy of trees and houses should be explained according to this.
['T27n1545_021:0105a02_8']	又即於彼為障礙者。	又即於彼為障礙者。	Moreover, that which obstructs there,
['T27n1545_021:0105a02_17']	彼若生時亦不為礙。	彼若生時亦不為礙。	when it arises, also does not obstruct.
['T27n1545_021:0105a03_8']	是故一法將欲生時。	是故一法將欲生時。	Therefore, when one dharma is about to arise,
['T27n1545_021:0105a03_17']	餘一切法皆不為礙。	餘一切法皆不為礙。	all other dharmas do not obstruct it.
['T27n1545_021:0105a04_8']	設有一法障礙彼者。	設有一法障礙彼者。	If there is a dharma that obstructs it,
['T27n1545_021:0105a05_1']	彼法爾時應不得起故。	彼法爾時應不得起故。	that dharma should not be able to arise at that time. Therefore,
['T27n1545_021:0105a05_11']	不障礙義是能作因義。	不障礙義是能作因義。	the meaning of non-obstruction is the meaning of the efficient cause.
['T27n1545_021:0105a06_1']	而能作因攝一切法。	而能作因攝一切法。	And the efficient cause includes all dharmas.
['T27n1545_021:0105a06_11']	問因緣和合故諸法生。	問因緣和合故諸法生。	Question: Because the conditions for arising are combined, dharmas arise.
['T27n1545_021:0105a07_1']	因緣和合故諸法滅。	因緣和合故諸法滅。	Because the conditions for cessation are combined, dharmas cease.
['T27n1545_021:0105a07_10']	因緣無有不和合時。	因緣無有不和合時。	There is no time when the conditions are not combined.
['T27n1545_021:0105a08_1']	諸法云何不恒生滅。	諸法云何不恒生滅。	How is it that dharmas do not always arise and cease?
['T27n1545_021:0105a08_10']	尊者世友作如是言。	尊者世友作如是言。	Venerable Vasumitra said:
['T27n1545_021:0105a09_1']	一生和合故諸法生。	一生和合故諸法生。	Because of the combination of one arising, dharmas arise.
['T27n1545_021:0105a09_10']	一滅和合故諸法滅。	一滅和合故諸法滅。	Because of the combination of one ceasing, dharmas cease.
['T27n1545_021:0105a10_1']	生滅和合無二無多。	生滅和合無二無多。	The combination of arising and ceasing is neither two nor many.
['T27n1545_021:0105a10_10']	諸法云何恒生恒滅。	諸法云何恒生恒滅。	How is it that dharmas always arise and always cease?
['T27n1545_021:0105a10_15']	復作是言。	復作是言。	He further said:
['T27n1545_021:0105a11_5']	因緣和合諸法生已。	因緣和合諸法生已。	When dharmas arise due to the combination of causes and conditions,
['T27n1545_021:0105a11_14']	次後相續無量剎那。	次後相續無量剎那。	they subsequently continue for innumerable moments,
['T27n1545_021:0105a12_5']	連注覆壓不能復起。	連注覆壓不能復起。	flowing and pressing down, unable to arise again.
['T27n1545_021:0105a13_1']	如人墮崖復為上土續續覆壓。	如人墮崖復為上土續續覆壓。	It is like a person falling off a cliff, with the soil above continuing to cover and press down.
['T27n1545_021:0105a13_14']	彼人爾時尚不能動況得起耶。	彼人爾時尚不能動況得起耶。	Even while that person is still alive, they are unable to move, let alone rise up.
['T27n1545_021:0105a14_1']	大德說曰。	大德說曰。	The Venerable One said:
['T27n1545_021:0105a14_10']	和合因緣既唯暫有。	和合因緣既唯暫有。	Since the combination of causes and conditions only exists temporarily,
['T27n1545_021:0105a15_1']	云何諸法恒生滅耶。	云何諸法恒生滅耶。	how can dharmas always arise and cease?
['T27n1545_021:0105a15_10']	尊者覺天作如是說。	尊者覺天作如是說。	Venerable Bodhyāya said:
['T27n1545_021:0105a16_1']	諸法生滅各唯一時。	諸法生滅各唯一時。	The arising and ceasing of dharmas each only occurs at one time.
['T27n1545_021:0105a16_10']	應有作用生已復生。	應有作用生已復生。	If they had activity again after arising,
['T27n1545_021:0105a17_1']	滅已復滅便為無用。	滅已復滅便為無用。	and again after ceasing, they would be useless.
['T27n1545_021:0105a17_10']	是故諸法生滅非恒。	是故諸法生滅非恒。	Therefore, the arising and ceasing of dharmas is not constant.
['T27n1545_021:0105a18_2']	問因緣和合生諸法時。	問因緣和合生諸法時。	Question: When dharmas are born from the combination of causes and conditions,
['T27n1545_021:0105a18_11']	因緣功能為多為一。	因緣功能為多為一。	are the functions of causes and conditions many or one?
['T27n1545_021:0105a19_2']	若言唯一云何依多。	若言唯一云何依多。	If it is said to be one, how can it rely on many?
['T27n1545_021:0105a19_11']	若言有多云何和合。	若言有多云何和合。	If it is said to be many, how can they combine?
['T27n1545_021:0105a20_4']	答可說為一可說為多。	答可說為一可說為多。	Answer: It can be said to be one and it can be said to be many.
['T27n1545_021:0105a20_13']	辦一事故依多體故。	辦一事故依多體故。	Because it accomplishes one thing and relies on many substances.
['T27n1545_021:0105a21_6']	復次因緣功能相隨順故。	復次因緣功能相隨順故。	Moreover, because the functions of causes and conditions accord with each other,
['T27n1545_021:0105a22_2']	可說為一生多法故可說為多。	可說為一生多法故可說為多。	it can be said to be one because it gives rise to many dharmas, and it can be said to be many.
['T27n1545_021:0105a23_4']	復次因緣功能同令諸法起作用故可說為一。	復次因緣功能同令諸法起作用故可說為一。	Moreover, because the functions of causes and conditions are the same in causing dharmas to arise and function, it can be said to be one.
['T27n1545_021:0105a23_17']	起色受等作用別故可說為多。	起色受等作用別故可說為多。	Because the functions of giving rise to form, feeling, etc. are different, it can be said to be many.
['T27n1545_021:0105a24_8']	若彼功能無多種者。	若彼功能無多種者。	If those functions were not of many kinds,
['T27n1545_021:0105a25_3']	所起作用色非色等應無差別。	所起作用色非色等應無差別。	the functions that are given rise to, such as form and non-form, etc., should not have distinctions.
['T27n1545_021:0105a25_12']	是故諸法因緣功能。	是故諸法因緣功能。	Therefore, the functions of causes and conditions of dharmas
['T27n1545_021:0105a26_3']	不可定言是多是一。	不可定言是多是一。	cannot be definitively said to be either many or one.
['T27n1545_021:0105a26_14']	問如有因緣故諸法得生。	問如有因緣故諸法得生。	Question: Just as there are causes and conditions for dharmas to be born,
['T27n1545_021:0105a27_7']	亦有因緣故諸法滅耶。	亦有因緣故諸法滅耶。	are there also causes and conditions for dharmas to cease?
['T27n1545_021:0105a27_16']	譬喻尊者作如是說。	譬喻尊者作如是說。	The Venerable Upamā says:
['T27n1545_021:0105a28_7']	生待因緣滅則不爾。	生待因緣滅則不爾。	Arising depends on causes and conditions, but cessation does not.
['T27n1545_021:0105a29_3']	如人射時發箭須力墮則不然。	如人射時發箭須力墮則不然。	When a person shoots an arrow, releasing it requires effort, but its falling does not.
['T27n1545_021:0105a29_16']	如陶家輪轉時須力止則不爾。	如陶家輪轉時須力止則不爾。	When a potter's wheel is turning, it requires effort to make it stop, but not to make it turn.
['T27n1545_021:0105b01_7']	阿毘達磨諸論師言。	阿毘達磨諸論師言。	The Abhidharma masters say:
['T27n1545_021:0105b02_6']	諸法生滅俱待因緣以滅與生皆是用故。	諸法生滅俱待因緣以滅與生皆是用故。	The arising and cessation of dharmas both depend on causes and conditions, because cessation and arising are both functions.
['T27n1545_021:0105b02_16']	問前所說喻當云何通。	問前所說喻當云何通。	Question: How can the previously mentioned analogies be understood?
['T27n1545_021:0105b03_8']	答不必須通非三藏故。	答不必須通非三藏故。	Answer: They do not necessarily need to be understood, because they are not part of the Tripiṭaka.
['T27n1545_021:0105b04_1']	然凡聖法異不可例同。	然凡聖法異不可例同。	However, the dharmas of ordinary beings and sages are different and cannot be taken as the same.
['T27n1545_021:0105b04_11']	又箭與輪亦由因墮止。	又箭與輪亦由因墮止。	Moreover, arrows and wheels also fall and stop due to causes.
['T27n1545_021:0105b05_3']	箭墮因者謂排楯的等。	箭墮因者謂排楯的等。	The causes of an arrow falling are things like a shield or target.
['T27n1545_021:0105b05_16']	設無餘因則彎弓等亦是其因。	設無餘因則彎弓等亦是其因。	If there are no other causes, then even the bow and so forth are also its causes.
['T27n1545_021:0105b06_7']	若不先射今何由墮。	若不先射今何由墮。	If it was not shot before, how could it fall now?
['T27n1545_021:0105b06_16']	輪止因者謂手杖等。	輪止因者謂手杖等。	The causes of a wheel stopping are things like the hand or a stick.
['T27n1545_021:0105b07_11']	設無餘因則能轉者亦是其因。	設無餘因則能轉者亦是其因。	If there are no other causes, then even the one who can make it turn is also its cause.
['T27n1545_021:0105b08_2']	若先不轉今何由止。	若先不轉今何由止。	If it did not turn before, how could it stop now?
['T27n1545_021:0105b08_16']	問若排手等障礙箭輪令其墮止。	問若排手等障礙箭輪令其墮止。	Question: If things like the hand or a stick obstruct an arrow or wheel, causing them to fall or stop,
['T27n1545_021:0105b09_7']	如何與彼為能作因。	如何與彼為能作因。	How can it be the enabling cause for them?
['T27n1545_021:0105b09_17']	答排手等物障彼行轉。	答排手等物障彼行轉。	The answer is: objects such as hands obstruct their movement.
['T27n1545_021:0105b10_12']	非礙墮止為能作因於理何失。	非礙墮止為能作因於理何失。	What is wrong with saying that non-obstruction is the enabling cause?
['T27n1545_021:0105b11_5']	問若法生滅俱待因緣。	問若法生滅俱待因緣。	Question: If the arising and cessation of dharmas both depend on causes and conditions,
['T27n1545_021:0105b11_14']	生滅因緣一切時有。	生滅因緣一切時有。	and the causes and conditions for arising and cessation exist at all times,
['T27n1545_021:0105b12_7']	何不生時亦滅滅時亦生耶。	何不生時亦滅滅時亦生耶。	why don't they arise when they cease, and cease when they arise?
['T27n1545_021:0105b12_16']	尊者世友作如是說。	尊者世友作如是說。	Venerable Vasumitra says:
['T27n1545_021:0105b13_7']	生滅兩時和合各異。	生滅兩時和合各異。	The combination of arising and cessation is different.
['T27n1545_021:0105b13_18']	是故生時無滅滅時無生。	是故生時無滅滅時無生。	Therefore, when arising there is no cessation, and when ceasing there is no arising.
['T27n1545_021:0105b14_8']	不可一因有二果故。	不可一因有二果故。	Because one cause cannot have two effects.
['T27n1545_021:0105b14_13']	復作是說。	復作是說。	He also says:
['T27n1545_021:0105b15_4']	生時因緣隨順彼法。	生時因緣隨順彼法。	The causes and conditions for arising accord with that dharma.
['T27n1545_021:0105b15_13']	滅時因緣違害彼法。	滅時因緣違害彼法。	The causes and conditions for cessation oppose that dharma.
['T27n1545_021:0105b16_4']	雖彼因緣前後體一。	雖彼因緣前後體一。	Although those causes and conditions are the same in substance before and after,
['T27n1545_021:0105b16_13']	而益損用時分不同。	而益損用時分不同。	the functions of benefit and harm are not the same in time.
['T27n1545_021:0105b17_5']	猶如苾芻解安居已。	猶如苾芻解安居已。	It is like a bhikṣu who, after the retreat period,
['T27n1545_021:0105b17_14']	携持衣鉢遊歷諸寺。	携持衣鉢遊歷諸寺。	carries his robes and alms bowl and travels to various temples.
['T27n1545_021:0105b18_10']	有賊見之先申禮敬恭順隨逐。	有賊見之先申禮敬恭順隨逐。	If a thief sees him, he first pays respects and respectfully follows him.
['T27n1545_021:0105b19_6']	後至曠野奪其衣鉢陵辱而去。	後至曠野奪其衣鉢陵辱而去。	Later, in the wilderness, they took away his robes and bowl and humiliated him before leaving.
['T27n1545_021:0105b19_15']	生滅因緣亦復如是。	生滅因緣亦復如是。	The causes and conditions of arising and ceasing are also like this.
['T27n1545_021:0105b20_2']	大德說曰。	大德說曰。	The Venerable One said:
['T27n1545_021:0105b20_15']	生滅兩事既互相違如何俱有。	生滅兩事既互相違如何俱有。	Since the two matters of arising and ceasing are mutually contradictory, how can they both exist?
['T27n1545_021:0105b21_5']	尊者妙音作如是說。	尊者妙音作如是說。	The Venerable One Subhūti said:
['T27n1545_021:0105b22_1']	諸法生時未有作用當何所滅。	諸法生時未有作用當何所滅。	When dharmas arise, they do not yet have function. What is there to cease?
['T27n1545_021:0105b22_14']	諸法滅時已有作用復何所生。	諸法滅時已有作用復何所生。	When dharmas cease, they already have function. What is there to arise?
['T27n1545_021:0105b23_11']	問一法既與多法為能作因。	問一法既與多法為能作因。	Question: Since one dharma can be the efficient cause for many dharmas,
['T27n1545_021:0105b24_5']	多法亦與一法為能作因。	多法亦與一法為能作因。	many dharmas can also be the efficient cause for one dharma.
['T27n1545_021:0105b24_16']	一法與多法為能作因時。	一法與多法為能作因時。	When one dharma is the efficient cause for many dharmas,
['T27n1545_021:0105b25_9']	為如一法與多法為因。	為如一法與多法為因。	is it like one dharma being the cause for many dharmas?
['T27n1545_021:0105b26_4']	為如多法與多法為因耶。	為如多法與多法為因耶。	Or is it like many dharmas being the cause for many dharmas?
['T27n1545_021:0105b26_15']	多法與一法為能作因時。	多法與一法為能作因時。	When many dharmas are the efficient cause for one dharma,
['T27n1545_021:0105b27_8']	為如多法與一法為因。	為如多法與一法為因。	is it like many dharmas being the cause for one dharma?
['T27n1545_021:0105b28_3']	為如一法與一法為因耶。	為如一法與一法為因耶。	Or is it like one dharma being the cause for one dharma?
['T27n1545_021:0105b29_2']	設爾何失此一法與多法為能作因時。	設爾何失此一法與多法為能作因時。	If so, what is the error? When this one dharma is the efficient cause for many dharmas,
['T27n1545_021:0105b29_13']	若如一法與多法為因者。	若如一法與多法為因者。	If one dharma is the enabling cause for many dharmas,
['T27n1545_021:0105c01_6']	云何不因一故果亦成一。	云何不因一故果亦成一。	why don't the effects also become one because of the single cause?
['T27n1545_021:0105c01_17']	若如多法與多法為因者。	若如多法與多法為因者。	If many dharmas are the enabling cause for many dharmas,
['T27n1545_021:0105c02_10']	云何不果多故因亦成多。	云何不果多故因亦成多。	why don't the causes also become many because of the many effects?
['T27n1545_021:0105c03_5']	此多法與一法為能作因時。	此多法與一法為能作因時。	When these many dharmas are the enabling cause for one dharma,
['T27n1545_021:0105c03_16']	若如多法與一法為因者。	若如多法與一法為因者。	if many dharmas are the cause for one dharma,
['T27n1545_021:0105c04_9']	云何不因多故果亦成多。	云何不因多故果亦成多。	why don't the effects also become many because of the many causes?
['T27n1545_021:0105c05_3']	若如一法與一法為因者。	若如一法與一法為因者。	If one dharma is the cause for one dharma,
['T27n1545_021:0105c05_14']	云何不果一故因亦成一。	云何不果一故因亦成一。	why don't the causes also become one because of the single effect?
['T27n1545_021:0105c06_2']	答應作是說。	答應作是說。	The answer should be given as follows:
['T27n1545_021:0105c06_13']	一法與多法為能作因時。	一法與多法為能作因時。	When one dharma is the enabling cause for many dharmas,
['T27n1545_021:0105c07_5']	亦如多法與一法為因。	亦如多法與一法為因。	it is also like many dharmas being the cause for one dharma.
['T27n1545_021:0105c07_16']	多法與一法為能作因時。	多法與一法為能作因時。	When many dharmas are the enabling cause for one dharma,
['T27n1545_021:0105c08_9']	亦如一法與多法為因。	亦如一法與多法為因。	it is also like one dharma being the cause for many dharmas.
['T27n1545_021:0105c09_4']	問若爾一應成多多應成一。	問若爾一應成多多應成一。	Question: If so, one should become many and many should become one.
['T27n1545_021:0105c09_16']	答我說一亦成多多亦成一。	答我說一亦成多多亦成一。	Answer: I say that one also becomes many and many also become one.
['T27n1545_021:0105c10_7']	此依作用不依實體。	此依作用不依實體。	This is based on function, not on substance.
['T27n1545_021:0105c11_6']	我說諸因以作用為果非以實體為果。	我說諸因以作用為果非以實體為果。	I say that the function of various causes is the effect, not the substance of the effect.
['T27n1545_021:0105c11_9']	又說。	又說。	Also, it is said:
['T27n1545_021:0105c12_6']	諸果以作用為因非以實體為因。	諸果以作用為因非以實體為因。	The function of various effects is the cause, not the substance of the cause.
['T27n1545_021:0105c13_2']	諸法實體恒無轉變非因果故。	諸法實體恒無轉變非因果故。	The substance of dharmas is always unchanging, not a cause or effect.
['T27n1545_021:0105c13_11']	然無為法名能作因。	然無為法名能作因。	However, unconditioned dharmas are called efficient causes.
['T27n1545_021:0105c14_2']	但不為障非能辦果。	但不為障非能辦果。	They only do not obstruct, not producing effects.
['T27n1545_021:0105c15_13']	復次有為法與有為法為能作因。	復次有為法與有為法為能作因。	Next, conditioned dharmas are efficient causes for conditioned dharmas.
['T27n1545_021:0105c16_4']	亦以彼為增上果。	亦以彼為增上果。	They are also the dominant effects of those.
['T27n1545_021:0105c16_17']	有為法不與無為法為能作因。	有為法不與無為法為能作因。	Conditioned dharmas are not efficient causes for unconditioned dharmas.
['T27n1545_021:0105c17_8']	亦不以彼為增上果。	亦不以彼為增上果。	They are also not the dominant effects of those.
['T27n1545_021:0105c18_4']	無為法不與無為法為能作因。	無為法不與無為法為能作因。	Unconditioned dharmas are not efficient causes for unconditioned dharmas.
['T27n1545_021:0105c18_13']	亦不以彼為增上果。	亦不以彼為增上果。	They are also not the dominant effects of those.
['T27n1545_021:0105c19_8']	無為法與有為法雖為能作因。	無為法與有為法雖為能作因。	Although unconditioned dharmas are efficient causes for conditioned dharmas,
['T27n1545_021:0105c19_17']	而不以彼為增上果。	而不以彼為增上果。	They are not the dominant effects of those.
['T27n1545_021:0105c20_8']	以無取果與果用故。	以無取果與果用故。	Because they do not take or give effects.
['T27n1545_021:0105c21_2']	問何故有為法有因有果。	問何故有為法有因有果。	Why do conditioned dharmas have causes and effects?
['T27n1545_021:0105c21_11']	無為法無因無果耶。	無為法無因無果耶。	Why do unconditioned dharmas have no causes and no effects?
['T27n1545_021:0105c22_6']	答有為法流轉世故有因有果。	答有為法流轉世故有因有果。	Answer: Because conditioned dharmas revolve in the world, they have causes and effects.
['T27n1545_021:0105c22_15']	無為不爾故無因果。	無為不爾故無因果。	Unconditioned dharmas are not like this, so they have no causes and effects.
['T27n1545_021:0105c23_14']	如遠行者須具資糧能有所至非不行者。	如遠行者須具資糧能有所至非不行者。	It is like a traveler who needs to prepare provisions in order to reach a destination, not one who does not travel.
['T27n1545_021:0105c24_11']	復次有為法有作用故有因有果。	復次有為法有作用故有因有果。	Moreover, because conditioned dharmas have activity, they have causes and effects.
['T27n1545_021:0105c25_3']	無為不爾故無因果。	無為不爾故無因果。	Unconditioned dharmas are not like this, so they have no causes and effects.
['T27n1545_021:0105c26_4']	如營務者須備作具能有所成非不營者。	如營務者須備作具能有所成非不營者。	It is like a worker who needs to prepare tools in order to accomplish something, not one who does not work.
['T27n1545_021:0105c27_1']	復次有為法有生滅故有因有果。	復次有為法有生滅故有因有果。	Moreover, because conditioned dharmas have arising and ceasing, they have causes and effects.
['T27n1545_021:0105c27_10']	無為不爾故無因果。	無為不爾故無因果。	Unconditioned dharmas are not like this, so they have no causes and effects.
['T27n1545_021:0105c28_6']	復次有為法有和合故有因有果。	復次有為法有和合故有因有果。	Moreover, because conditioned dharmas have a combination, they have causes and effects.
['T27n1545_021:0105c28_15']	無為不爾故無因果。	無為不爾故無因果。	Unconditioned dharmas are not like this, so they have no causes and effects.
['T27n1545_021:0105c29_11']	復次有為法有三相故有因有果。	復次有為法有三相故有因有果。	Moreover, because conditioned dharmas have the three characteristics, they have causes and effects.
['T27n1545_021:0106a01_3']	無為不爾故無因果。	無為不爾故無因果。	Unconditioned dharmas are not like this, so they have no causes and effects.
['T27n1545_021:0106a02_4']	復次有為法性羸劣故有因有作用故有果。	復次有為法性羸劣故有因有作用故有果。	Moreover, because the nature of conditioned dharmas is weak, they have causes and because they have activity, they have effects.
['T27n1545_021:0106a02_17']	如羸劣者依他而住非勇健者。	如羸劣者依他而住非勇健者。	It is like a weak person who relies on others to live, not a strong person.
['T27n1545_021:0106a03_8']	無為不爾故無因果。	無為不爾故無因果。	Unconditioned dharmas are not like this, therefore they have no cause and effect.
['T27n1545_021:0106a04_3']	復次有為法如王如王眷屬。	復次有為法如王如王眷屬。	Furthermore, conditioned dharmas are like a king and his retinue.
['T27n1545_021:0106a05_7']	如富貴者如富貴者眷屬如因陀羅如因陀羅眷屬。	如富貴者如富貴者眷屬如因陀羅如因陀羅眷屬。	They are like the wealthy and their retinue, like Indra and his retinue.
['T27n1545_021:0106a05_13']	故有因有果。	故有因有果。	Therefore they have causes and effects.
['T27n1545_021:0106a06_4', 'T27n1545_021:0106a07_7', 'T27n1545_021:0106a08_3']	無為不爾故無因果。🔽問有為法不生者為有為法為留難故令彼不起。🔽為無為法為留難故彼不生耶。	無為不爾故無因果。 問有為法不生者為有為法為留難故令彼不起。 為無為法為留難故彼不生耶。	Unconditioned dharmas are not like this, therefore they have no cause and effect.🔽Question: Are conditioned dharmas that do not arise obstructed by conditioned dharmas, causing them not to arise?🔽Or are they obstructed by unconditioned dharmas, causing them not to arise?
['T27n1545_021:0106a09_5']	答以有為法為留難故令彼不起非無為法。	答以有為法為留難故令彼不起非無為法。	Answer: They are obstructed by conditioned dharmas, causing them not to arise, not by unconditioned dharmas.
['T27n1545_021:0106a10_5']	無為與彼為能作因於一切時不障礙故。	無為與彼為能作因於一切時不障礙故。	Unconditioned dharmas are the enabling cause for them, because they do not obstruct at any time.
['T27n1545_021:0106a11_5']	如注水瀆水若不流自為餘因非瀆為障。	如注水瀆水若不流自為餘因非瀆為障。	It is like diverting water. If the water does not flow, it is due to other causes, not because the diversion obstructs it.
['T27n1545_021:0106a12_6']	問無為法與有為法為能作因及增上緣時。	問無為法與有為法為能作因及增上緣時。	Question: When unconditioned dharmas are the enabling cause and dominant condition for conditioned dharmas,
['T27n1545_021:0106a13_2']	何者為勝為緣彼者為餘法耶。	何者為勝為緣彼者為餘法耶。	which is superior, the condition or the other dharmas?
['T27n1545_021:0106a13_12']	答等無差別如兩豆聚。	答等無差別如兩豆聚。	Answer: They are equal and without distinction, like two heaps of beans.
['T27n1545_021:0106a14_11']	若無為法與有為法為所緣緣有是有非。	若無為法與有為法為所緣緣有是有非。	If unconditioned dharmas are the object-support condition for conditioned dharmas, is this so?
['T27n1545_021:0106a15_13']	復次過去法與過去法為能作因。	復次過去法與過去法為能作因。	Next, past dharmas are the efficient cause for past dharmas.
['T27n1545_021:0106a16_4']	亦以彼為增上果。	亦以彼為增上果。	They are also the dominant effect of those [past dharmas].
['T27n1545_021:0106a17_1']	過去法與未來現在法為能作因。	過去法與未來現在法為能作因。	Past dharmas are the efficient cause for future and present dharmas.
['T27n1545_021:0106a17_9']	亦以彼為增上果。	亦以彼為增上果。	They are also the dominant effect of those [future and present dharmas].
['T27n1545_021:0106a18_9']	義言我若不與汝為近能作因者汝則無因。	義言我若不與汝為近能作因者汝則無因。	The meaning is expressed as follows: If I am not the proximate efficient cause for you, then you would have no cause.
['T27n1545_021:0106a19_1']	然有為法無無因者。	然有為法無無因者。	However, there are no conditioned dharmas that are without a cause.
['T27n1545_021:0106a19_13']	未來法與未來法為能作因。	未來法與未來法為能作因。	Future dharmas are the efficient cause for future dharmas.
['T27n1545_021:0106a20_3']	亦以彼為增上果。	亦以彼為增上果。	They are also the dominant effect of those [future dharmas].
['T27n1545_021:0106a20_17']	未來法與過去現在法為能作因。	未來法與過去現在法為能作因。	Future dharmas are the efficient cause for past and present dharmas.
['T27n1545_021:0106a21_7']	然不以彼為增上果。	然不以彼為增上果。	However, they are not the dominant effect of those [past and present dharmas].
['T27n1545_021:0106a21_12']	所以者何。	所以者何。	Why is this so?
['T27n1545_021:0106a22_3']	果與因俱或在後故。	果與因俱或在後故。	Because the effect either exists simultaneously with or comes after the cause.
['T27n1545_021:0106a23_4']	義言我若不與汝為近能作因者汝則無果。	義言我若不與汝為近能作因者汝則無果。	The meaning is expressed as follows: If I am not the proximate efficient cause for you, then you would have no effect.
['T27n1545_021:0106a23_13']	然有為法無無果者。	然有為法無無果者。	However, there are no conditioned dharmas that are without an effect.
['T27n1545_021:0106a24_7']	現在法與現在法為能作因。	現在法與現在法為能作因。	Present dharmas are the efficient cause for present dharmas.
['T27n1545_021:0106a24_15']	亦以彼為增上果。	亦以彼為增上果。	It is also considered to be the dominant fruit of that [present action].
['T27n1545_021:0106a25_9']	現在法與未來法為能作因。	現在法與未來法為能作因。	Present dharmas are the efficient cause of future dharmas.
['T27n1545_021:0106a25_17']	亦以彼為增上果。	亦以彼為增上果。	They are also considered to be the dominant fruit of that [future action].
['T27n1545_021:0106a27_1']	義言我若不與汝為近能作因者汝則無因。	義言我若不與汝為近能作因者汝則無因。	The meaning is expressed as follows: If I were not to be the proximate efficient cause for you, then you would have no cause.
['T27n1545_021:0106a27_10']	然有為法無無因者。	然有為法無無因者。	However, there are no conditioned dharmas that lack a cause.
['T27n1545_021:0106a28_4']	現在法與過去法為能作因。	現在法與過去法為能作因。	Present dharmas are the efficient cause of past dharmas.
['T27n1545_021:0106a28_13']	然不以彼為增上果。	然不以彼為增上果。	However, they are not considered to be the dominant fruit of that [past action].
['T27n1545_021:0106a29_4']	果與因俱或在後故。	果與因俱或在後故。	Because the fruit either exists simultaneously with or after the cause.
['T27n1545_021:0106b01_5']	義言我若不與汝為近能作因者汝則無果。	義言我若不與汝為近能作因者汝則無果。	The meaning is expressed as follows: If I were not to be the proximate efficient cause for you, then you would have no fruit.
['T27n1545_021:0106b01_14']	然有為法無無果者。	然有為法無無果者。	However, there are no conditioned dharmas that lack a fruit.
['T27n1545_021:0106b02_9']	問何故後法與前法為能作因。	問何故後法與前法為能作因。	Question: Why are later dharmas the efficient cause for prior dharmas,
['T27n1545_021:0106b03_3']	而前法非後法增上果耶。	而前法非後法增上果耶。	but prior dharmas are not the dominant fruit of later dharmas?
['T27n1545_021:0106b03_14']	答不障礙義是能作因義。	答不障礙義是能作因義。	Answer: The meaning of being an efficient cause is the meaning of not obstructing.
['T27n1545_021:0106b04_11']	後法於前法不障礙故得為能作因。	後法於前法不障礙故得為能作因。	Because later dharmas do not obstruct prior dharmas, they can be the efficient cause.
['T27n1545_021:0106b05_3']	果必是因力所取與。	果必是因力所取與。	The fruit is necessarily taken and given by the power of the cause.
['T27n1545_021:0106b06_1']	後法於前無取與力故前法非後果。	後法於前無取與力故前法非後果。	Because the later dharma does not take or give power to the former dharma, the former dharma is not the effect of the later.
['T27n1545_021:0106b07_1']	如有為法以無為法為能作因而非彼果。	如有為法以無為法為能作因而非彼果。	Just as conditioned dharmas take unconditioned dharmas as their efficient cause but are not their effects.
['T27n1545_021:0106b07_10']	彼無取果與果力故。	彼無取果與果力故。	Because they do not have the power to take or give effects.
['T27n1545_021:0106b08_11']	復次善法與善法為能作因。	復次善法與善法為能作因。	Next, good dharmas are the efficient cause of good dharmas,
['T27n1545_021:0106b09_2']	亦以彼為增上果。	亦以彼為增上果。	and also take them as their dominant effect.
['T27n1545_021:0106b09_15']	善法與不善無記法為能作因。	善法與不善無記法為能作因。	Good dharmas are the efficient cause of bad and indeterminate dharmas,
['T27n1545_021:0106b10_6']	亦以彼為增上果。	亦以彼為增上果。	and also take them as their dominant effect.
['T27n1545_021:0106b11_1']	不善法與不善法為能作因。	不善法與不善法為能作因。	Bad dharmas are the efficient cause of bad dharmas,
['T27n1545_021:0106b11_9']	亦以彼為增上果。	亦以彼為增上果。	and also take them as their dominant effect.
['T27n1545_021:0106b12_4']	不善法與善無記法為能作因。	不善法與善無記法為能作因。	Bad dharmas are the efficient cause of good and indeterminate dharmas,
['T27n1545_021:0106b12_12']	亦以彼為增上果。	亦以彼為增上果。	and also take them as their dominant effect.
['T27n1545_021:0106b13_6']	無記法與無記法為能作因。	無記法與無記法為能作因。	Indeterminate dharmas are the efficient cause of indeterminate dharmas,
['T27n1545_021:0106b13_14']	亦以彼為增上果。	亦以彼為增上果。	and also take them as their dominant effect.
['T27n1545_021:0106b14_9']	無記法與善不善法為能作因。	無記法與善不善法為能作因。	Indeterminate dharmas are the efficient cause of good and bad dharmas,
['T27n1545_021:0106b14_17']	亦以彼為增上果。	亦以彼為增上果。	and also take them as their dominant effect.
['T27n1545_021:0106b15_17']	如善不善無記法展轉為能作因及增上果。	如善不善無記法展轉為能作因及增上果。	Just as good, bad, and indeterminate dharmas are each other's efficient causes and dominant effects,
['T27n1545_021:0106b16_8']	如是三界繫不繫法。	如是三界繫不繫法。	Thus, the dharmas bound to the three realms and unbound dharmas,
['T27n1545_021:0106b16_18']	學無學非學非無學法。	學無學非學非無學法。	dharmas of learners, non-learners, and neither learners nor non-learners,
['T27n1545_021:0106b17_9']	見所斷修所斷不斷法。	見所斷修所斷不斷法。	dharmas to be eliminated by seeing, cultivation, and not to be eliminated,
['T27n1545_021:0106b17_15', 'T27n1545_021:0106b18_2']	有色無色法。🔽有見無見法。	有色無色法。 有見無見法。	dharmas with form and formless dharmas,
['T27n1545_021:0106b18_8']	有對無對法。	有對無對法。	dharmas with resistance and without resistance,
['T27n1545_021:0106b18_14']	有漏無漏法。	有漏無漏法。	dharmas with outflows and without outflows,
['T27n1545_021:0106b19_2']	相應不相應法等。	相應不相應法等。	associated and non-associated dharmas, and so forth,
['T27n1545_021:0106b19_7']	應知亦爾。	應知亦爾。	should be understood in the same way.
['T27n1545_021:0106b20_13']	復次有善法與善法為近能作因。	復次有善法與善法為近能作因。	Furthermore, there are wholesome dharmas that are the proximate efficient causes of wholesome dharmas,
['T27n1545_021:0106b21_5']	如由善業生樂善家。	如由善業生樂善家。	such as giving rise to a wholesome family through wholesome karma,
['T27n1545_021:0106b21_14']	生已復能多修妙行。	生已復能多修妙行。	and after being born, being able to cultivate many wonderful practices.
['T27n1545_021:0106b22_9']	有善法與不善法為近能作因。	有善法與不善法為近能作因。	There are wholesome dharmas that are the proximate efficient causes of unwholesome dharmas,
['T27n1545_021:0106b23_1']	如由善業生富貴家。	如由善業生富貴家。	such as giving rise to a wealthy and noble family through wholesome karma,
['T27n1545_021:0106b23_10']	生已放逸多造惡行。	生已放逸多造惡行。	and after being born, being negligent and creating many evil practices.
['T27n1545_021:0106b24_6']	有不善法與不善法為近能作因。	有不善法與不善法為近能作因。	There are unwholesome dharmas that are the proximate efficient causes of unwholesome dharmas,
['T27n1545_021:0106b24_17']	如由不善業生不律儀家。	如由不善業生不律儀家。	such as giving rise to a family of non-discipline through unwholesome karma,
['T27n1545_021:0106b25_8']	生已復造眾多惡行。	生已復造眾多惡行。	and after being born, creating many evil practices.
['T27n1545_021:0106b26_4']	有不善法與善法為近能作因。	有不善法與善法為近能作因。	There are unwholesome dharmas that are the proximate efficient causes of wholesome dharmas,
['T27n1545_021:0106b27_1']	如由不善業身遭病惱或失財位。	如由不善業身遭病惱或失財位。	For example, due to unwholesome karma, one may suffer from illness or lose wealth and status.
['T27n1545_021:0106b27_10']	心生厭悔修諸妙行。	心生厭悔修諸妙行。	The mind gives rise to regret and cultivates various wonderful practices.
['T27n1545_021:0106b28_5']	有內法與內法為近能作因。	有內法與內法為近能作因。	There are internal dharmas that are the proximate efficient causes of other internal dharmas.
['T27n1545_021:0106b28_14']	如一有情供多人眾。	如一有情供多人眾。	For example, when one sentient being serves many people,
['T27n1545_021:0106b29_8']	有內法與外法為近能作因。	有內法與外法為近能作因。	there are internal dharmas that are the proximate efficient causes of external dharmas.
['T27n1545_021:0106b29_17']	如諸農夫種殖稼穡。	如諸農夫種殖稼穡。	For example, when farmers plant crops,
['T27n1545_021:0106c01_11']	有外法與外法為近能作因。	有外法與外法為近能作因。	there are external dharmas that are the proximate efficient causes of other external dharmas.
['T27n1545_021:0106c02_3']	如水糞等生長苗稼。	如水糞等生長苗稼。	For example, water and fertilizer give rise to and nourish seedlings.
['T27n1545_021:0106c02_15']	有外法與內法為近能作因。	有外法與內法為近能作因。	There are external dharmas that are the proximate efficient causes of internal dharmas.
['T27n1545_021:0106c03_6']	如飲食等長養有情。	如飲食等長養有情。	For example, food and drink nourish sentient beings.
['T27n1545_021:0106c04_3']	有一趣法與五趣法為近能作因。	有一趣法與五趣法為近能作因。	There is the dharma of one destiny that is the proximate efficient cause of the dharmas of the five destinies.
['T27n1545_021:0106c05_7']	如有多人食一羊肉身強盛已有作善業有作惡業。	如有多人食一羊肉身強盛已有作善業有作惡業。	For example, when many people eat the meat of one sheep, their bodies become strong and vigorous. Some do wholesome actions, while others do evil actions.
['T27n1545_021:0106c06_8']	作善業者得生人天作惡業者墮三惡趣。	作善業者得生人天作惡業者墮三惡趣。	Those who do wholesome actions are reborn in the human realm or the heavens, while those who do evil actions fall into the three evil destinies.
['T27n1545_021:0106c07_16']	問若一有情害生命時一切有情不障礙。	問若一有情害生命時一切有情不障礙。	Question: If when one sentient being takes life, all sentient beings do not obstruct it,
['T27n1545_021:0106c08_8']	彼無不與彼為能作因。	彼無不與彼為能作因。	They are all able to be the efficient cause of that.
['T27n1545_021:0106c08_17']	何不一切俱得殺罪。	何不一切俱得殺罪。	Why do not all receive the sin of killing?
['T27n1545_021:0106c09_9']	答彼能殺者起殺加行。	答彼能殺者起殺加行。	The answer is: the one who kills gives rise to the activity of killing,
['T27n1545_021:0106c10_1']	亦令果滿故得殺罪。	亦令果滿故得殺罪。	and also causes the completion of the result, and therefore receives the sin of killing.
['T27n1545_021:0106c10_10']	餘不爾故不得殺罪。	餘不爾故不得殺罪。	The others are not so, and therefore do not receive the sin of killing.
['T27n1545_021:0106c11_7']	復次彼起惡心亦斷他命故得殺罪。	復次彼起惡心亦斷他命故得殺罪。	Moreover, because he gives rise to an evil mind and also severs the life of another, he receives the sin of killing.
['T27n1545_021:0106c11_16']	餘不爾故不得殺罪。	餘不爾故不得殺罪。	The others are not so, and therefore do not receive the sin of killing.
['T27n1545_021:0106c12_7']	餘業道等准此應知。	餘業道等准此應知。	The other karmic paths should be understood in the same way.
['T27n1545_021:0106c13_3']	問諸外財物一切有情共業所起。	問諸外財物一切有情共業所起。	Question: All external property arises from the common karma of all beings.
['T27n1545_021:0106c13_16']	何故盜者唯於財主得罪非餘。	何故盜者唯於財主得罪非餘。	Why does the thief only offend against the owner of the property and not the others?
['T27n1545_021:0106c14_13']	答財主於財攝受守護餘則不爾。	答財主於財攝受守護餘則不爾。	The answer is: the owner of the property appropriates and guards the property, while the others do not.
['T27n1545_021:0106c15_8']	是故盜者唯於財主得罪非餘。	是故盜者唯於財主得罪非餘。	Therefore the thief only offends against the owner of the property and not the others.
['T27n1545_021:0106c16_2']	復次財主於財作己有想。	復次財主於財作己有想。	Moreover, the owner of the property thinks of the property as his own,
['T27n1545_021:0106c16_11']	盜者於彼作財主想。	盜者於彼作財主想。	while the thief thinks of it as the property of the owner.
['T27n1545_021:0106c16_18']	故唯於彼得罪。	故唯於彼得罪。	Therefore he only offends against the owner,
['T27n1545_021:0106c17_2']	非餘。	非餘。	and not the others.
['T27n1545_021:0106c18_5']	復次若財物於彼是士用果及增果者於彼得罪。	復次若財物於彼是士用果及增果者於彼得罪。	Moreover, if wealth is the effect of human action and the effect of dominance for someone, then that person commits an offense in relation to it.
['T27n1545_021:0106c19_5']	財物於餘一切有情是增上果非士用果。	財物於餘一切有情是增上果非士用果。	Wealth is the effect of dominance for all sentient beings, but not the effect of human action.
['T27n1545_021:0106c19_14']	是故於彼不得盜罪。	是故於彼不得盜罪。	Therefore, one does not commit an offense in relation to it.
['T27n1545_021:0106c20_9']	問士用果與增上果有何差別。	問士用果與增上果有何差別。	Question: What is the difference between the effect of human action and the effect of dominance?
['T27n1545_021:0106c21_2']	答作功力得者是士用果。	答作功力得者是士用果。	Answer: That which is obtained through the exertion of effort is the effect of human action.
['T27n1545_021:0106c21_12']	不障礙得者是增上果。	不障礙得者是增上果。	That which is obtained without obstruction is the effect of dominance.
['T27n1545_021:0106c22_5']	復次財物於作者是士用果。	復次財物於作者是士用果。	Moreover, wealth is the effect of human action for the producer.
['T27n1545_021:0106c22_13', 'T27n1545_021:0106c23_4']	於用者是增上果。🔽如諸果實於種殖者。	於用者是增上果。 如諸果實於種殖者。	It is the effect of dominance for the user.
['T27n1545_021:0106c23_13']	是士用果亦增上果。	是士用果亦增上果。	Just as fruits are the effect of human action and the effect of dominance for the planter.
['T27n1545_021:0106c24_4', 'T27n1545_021:0106c24_13']	於食用者唯增上果。🔽如諸財物於營求者。	於食用者唯增上果。 如諸財物於營求者。	They are only the effect of dominance for the consumer.
['T27n1545_021:0106c25_4']	是士用果亦增上果。	是士用果亦增上果。	Just as wealth is the effect of human action and the effect of dominance for the seeker.
['T27n1545_021:0106c25_13']	於受用者唯增上果。	於受用者唯增上果。	It is only the effect of dominance for the enjoyer.
['T27n1545_021:0106c27_4']	問此器世界蘇迷盧山洲渚等物一切有情共業所起。	問此器世界蘇迷盧山洲渚等物一切有情共業所起。	Question: This world of vessels, Mount Sumeru, continents, islands, and so forth, are produced by the common karma of all sentient beings.
['T27n1545_021:0106c27_13']	於中若有般涅槃者。	於中若有般涅槃者。	If there are those who attain parinirvāṇa in the middle,
['T27n1545_021:0106c28_4']	何故此物不減少耶。	何故此物不減少耶。	why is this substance not reduced?
['T27n1545_021:0106c28_13']	尊者世友作如是說。	尊者世友作如是說。	Venerable Vasumitra says:
['T27n1545_021:0106c29_13']	若物是彼士用果及近增上果者亦有減少。	若物是彼士用果及近增上果者亦有減少。	If a substance is the effect of human effort and the proximate effect of dominance, it is also reduced.
['T27n1545_021:0107a01_11']	蘇迷盧等但是彼遠增上果故無減少。	蘇迷盧等但是彼遠增上果故無減少。	Meru and so on are only the distant effect of dominance, so there is no reduction.
['T27n1545_021:0107a01_16']	復作是說。	復作是說。	He also says:
['T27n1545_021:0107a02_10']	蘇迷盧等一切有情共業所起。	蘇迷盧等一切有情共業所起。	Meru and so on are produced by the collective karma of all beings.
['T27n1545_021:0107a03_1']	假使此中一有情在。	假使此中一有情在。	Even if only one being remains,
['T27n1545_021:0107a03_14']	由彼業力所任持故亦不減少。	由彼業力所任持故亦不減少。	because it is sustained by the power of that karma, it is not reduced.
['T27n1545_021:0107a04_9']	況有無量無邊有情未得滅度。	況有無量無邊有情未得滅度。	How much less so for innumerable and boundless beings who have not yet attained extinction.
['T27n1545_021:0107a05_1']	如富貴者雖已命終。	如富貴者雖已命終。	It is like a wealthy person who has already died,
['T27n1545_021:0107a05_14']	而彼宮殿園林象馬不隨隱沒。	而彼宮殿園林象馬不隨隱沒。	but their palaces, gardens, elephants, and horses do not disappear.
['T27n1545_021:0107a06_4']	是餘有情業力持故。	是餘有情業力持故。	It is because they are sustained by the karma of other beings.
['T27n1545_021:0107a06_9']	此亦如是。	此亦如是。	This is also like that.
['T27n1545_021:0107a06_14']	復作是說。	復作是說。	He also says:
['T27n1545_021:0107a07_12']	此中雖有無量有情得般涅槃及生他處。	此中雖有無量有情得般涅槃及生他處。	Although there are innumerable beings who attain parinirvāṇa and are reborn elsewhere in this world,
['T27n1545_021:0107a08_7']	復有無量無邊有情來生此界。	復有無量無邊有情來生此界。	Moreover, there are innumerable sentient beings who come to be born in this realm.
['T27n1545_021:0107a08_16']	由彼業力故不減少。	由彼業力故不減少。	Because of the power of their karma, it does not decrease.
['T27n1545_021:0107a09_7']	尊者覺天作如是說。	尊者覺天作如是說。	The Venerable Bodhyāṣraya says:
['T27n1545_021:0107a10_3']	此是過去業力所持故無減少。	此是過去業力所持故無減少。	This is because it is sustained by the power of past karma, so it does not decrease.
['T27n1545_021:0107a11_4']	問如轉輪王於四洲渚皆得自在是何果耶。	問如轉輪王於四洲渚皆得自在是何果耶。	Question: As for the universal monarch who has sovereignty over the four continents, what is this fruit?
['T27n1545_021:0107a11_14']	答自身威勢是異熟果。	答自身威勢是異熟果。	Answer: The power of one's own body is the result of karmic maturation.
['T27n1545_021:0107a12_4']	所統領物是增上果。	所統領物是增上果。	The objects that are governed are the dominant result.
['T27n1545_021:0107a13_11']	彼於過去修習增上自身眾具諸善業故今得如是二殊勝果。	彼於過去修習增上自身眾具諸善業故今得如是二殊勝果。	Because in the past one cultivated the wholesome karma of oneself and one's possessions, one now obtains these two excellent fruits.
['T27n1545_021:0107a14_7']	復次有三種增上。	復次有三種增上。	Next, there are three kinds of dominance.
['T27n1545_021:0107a14_12']	一自增上。	一自增上。	First, self-dominance.
['T27n1545_021:0107a15_2']	二世增上三法增上。	二世增上三法增上。	Second, worldly dominance. Third, Dharma dominance.
['T27n1545_021:0107a15_7']	自增上者。	自增上者。	Self-dominance means
['T27n1545_021:0107a16_2']	如有一類煩惱未斷惡境現前。	如有一類煩惱未斷惡境現前。	that there is a type of person whose afflictions have not yet been severed, and evil objects appear before them.
['T27n1545_021:0107a17_3']	而為自護不起惡業勿我由斯墮諸惡趣。	而為自護不起惡業勿我由斯墮諸惡趣。	In order to protect oneself, one does not give rise to evil karma, lest one fall into the evil destinies because of this.
['T27n1545_021:0107a17_8']	世增上者。	世增上者。	Worldly dominance means
['T27n1545_021:0107a18_3']	如有一類煩惱未斷惡境現前。	如有一類煩惱未斷惡境現前。	that there is a type of person whose afflictions have not yet been severed, and evil objects appear before them.
['T27n1545_021:0107a19_4']	護世間故不起惡業勿我由斯為世譏毀。	護世間故不起惡業勿我由斯為世譏毀。	In order to protect the world, they do not give rise to evil karma, lest they be criticized and slandered by the world because of this.
['T27n1545_021:0107a19_9']	有作是說。	有作是說。	There is an explanation.
['T27n1545_021:0107a20_4']	勿由我故世間有情造諸惡業。	勿由我故世間有情造諸惡業。	Lest sentient beings in the world create evil karma because of me.
['T27n1545_021:0107a20_9']	法增上者。	法增上者。	As for the supremacy of the Dharma,
['T27n1545_021:0107a21_4']	如有一類煩惱未斷惡境現前。	如有一類煩惱未斷惡境現前。	it is like a person whose afflictions have not yet been eliminated, and evil objects appear before them.
['T27n1545_021:0107a22_8']	為護法故不起惡業勿由我故令諸世間輕毀正法。	為護法故不起惡業勿由我故令諸世間輕毀正法。	In order to protect the Dharma, they do not give rise to evil karma, lest they cause the world to despise the true Dharma because of me.
['T27n1545_021:0107a22_17']	此三即是近能作因。	此三即是近能作因。	These three are the proximate efficient causes.
['T27n1545_021:0107a23_8']	問何故此三說名增上。	問何故此三說名增上。	Question: Why are these three called supreme?
['T27n1545_021:0107a24_1']	答以於善法不障礙故。	答以於善法不障礙故。	Answer: Because they do not obstruct wholesome dharmas,
['T27n1545_021:0107a24_10']	是善親近增上緣故。	是善親近增上緣故。	they are the supreme dominant conditions for closely cultivating wholesome dharmas.
['T27n1545_021:0107a25_1']	問能作因力有增減不。	問能作因力有增減不。	Question: Does the power of the efficient cause have increase and decrease?
['T27n1545_021:0107a25_4']	答有。	答有。	Answer: It does.
['T27n1545_021:0107a25_13']	如多人眾挽大木時。	如多人眾挽大木時。	It is like when many people pull a large piece of wood,
['T27n1545_021:0107a26_3']	中有盡力不盡力者。	中有盡力不盡力者。	some exert all their strength and some do not.
['T27n1545_021:0107a26_12']	其盡力者能作因增。	其盡力者能作因增。	Those who exert all their strength increase the efficient cause,
['T27n1545_021:0107a27_2']	不盡力者能作因減。	不盡力者能作因減。	while those who do not exert all their strength decrease the efficient cause.
['T27n1545_021:0107a28_3']	如彼挽木竪剎牽船轉石等時應知亦爾。	如彼挽木竪剎牽船轉石等時應知亦爾。	It should be understood that when pulling the wood, erecting a pillar, towing a boat, or turning a stone, it is also like this.
['T27n1545_021:0107a28_12']	如內於外若外於內。	如內於外若外於內。	Just as internally it is externally, and externally it is internally.
['T27n1545_021:0107a29_3']	外內自望亦復如是。	外內自望亦復如是。	Externally and internally, looking at each other, it is also like this.
['T27n1545_021:0107a29_16']	問能作因與增上果何者為多。	問能作因與增上果何者為多。	Question: Between the efficient cause and the dominant fruit, which is more?
['T27n1545_021:0107b01_8']	答能作因多增上果少。	答能作因多增上果少。	Answer: The efficient cause is more, and the dominant fruit is less.
['T27n1545_021:0107b02_3']	以能作因攝一切有為無為法。	以能作因攝一切有為無為法。	Because the efficient cause includes all conditioned and unconditioned dharmas,
['T27n1545_021:0107b02_13']	增上果唯攝有為法故。	增上果唯攝有為法故。	while the dominant fruit only includes conditioned dharmas.
['T27n1545_021:0107b03_10']	由此故說頗有法於法非能作因耶。	由此故說頗有法於法非能作因耶。	For this reason, it is said: Are there any dharmas that are not efficient causes for other dharmas?
['T27n1545_021:0107b03_13']	答有。	答有。	Answer: There are.
['T27n1545_021:0107b04_2']	謂自性於自性。	謂自性於自性。	Namely, the intrinsic nature is not an efficient cause for the intrinsic nature.
['T27n1545_021:0107b04_14']	頗有法於他性非能作因耶。	頗有法於他性非能作因耶。	Are there any dharmas that are not efficient causes for other natures?
['T27n1545_021:0107b04_17']	答有。	答有。	Answer: There are.
['T27n1545_021:0107b05_11']	謂有為於無為及無為於無為。	謂有為於無為及無為於無為。	Namely, conditioned dharmas are not efficient causes for unconditioned dharmas, and unconditioned dharmas are not efficient causes for unconditioned dharmas.
['T27n1545_021:0107b06_9']	問能作因以何為自性。	問能作因以何為自性。	Question: What is the intrinsic nature of the efficient cause?
['T27n1545_021:0107b06_14']	答一切法。	答一切法。	Answer: All dharmas.
['T27n1545_021:0107b07_1']	已說自性。	已說自性。	The intrinsic nature has already been explained.
['T27n1545_021:0107b07_7']	所以今當說。	所以今當說。	The reason will now be explained.
['T27n1545_021:0107b08_2']	問何故名能作因能作是何義。	問何故名能作因能作是何義。	Question: Why is it called the efficient cause? What is the meaning of efficient?
['T27n1545_021:0107b08_12']	答不障礙義是能作義。	答不障礙義是能作義。	Answer: The meaning of non-obstruction is the meaning of efficient.
['T27n1545_021:0107b09_2']	有所辦義是能作義。	有所辦義是能作義。	The meaning of having something to accomplish is the meaning of efficient.
['T27n1545_021:0107b10_1']	此能作因定通三世及離世法有增上果。	此能作因定通三世及離世法有增上果。	This means of production is definitely common to the three times and dharmas apart from time, and has an enhanced fruit.
['T27n1545_021:0107b10_10']	如是已顯六因自性。	如是已顯六因自性。	Thus, the six causes have been explained.
['T27n1545_021:0107b11_6']	今當復顯六因相雜不相雜義。	今當復顯六因相雜不相雜義。	Now, we will further explain the meaning of the mixture and non-mixture of the six causes.
['T27n1545_021:0107b12_3']	問若法是相應因彼亦是俱有因耶。	問若法是相應因彼亦是俱有因耶。	Question: If a dharma is an associated cause, is it also a co-existent cause?
['T27n1545_021:0107b12_17']	答若法是相應因彼亦是俱有因。	答若法是相應因彼亦是俱有因。	Answer: If a dharma is an associated cause, it is also a co-existent cause.
['T27n1545_021:0107b13_10']	有法是俱有因彼非相應因。	有法是俱有因彼非相應因。	There are dharmas that are co-existent causes but not associated causes.
['T27n1545_021:0107b14_1']	謂有為不相應法。	謂有為不相應法。	Namely, conditioned dharmas that are not associated [with mind].
['T27n1545_021:0107b14_16']	問若法是相應因彼亦是同類因耶。	問若法是相應因彼亦是同類因耶。	Question: If a dharma is an associated cause, is it also a similar cause?
['T27n1545_021:0107b15_3']	答應作四句。	答應作四句。	Answer: Four sentences should be made.
['T27n1545_021:0107b15_14']	有法是相應因非同類因。	有法是相應因非同類因。	There are dharmas that are associated causes but not similar causes.
['T27n1545_021:0107b16_3']	謂未來相應法。	謂未來相應法。	Namely, future associated dharmas.
['T27n1545_021:0107b16_14']	有法是同類因非相應因。	有法是同類因非相應因。	There are dharmas that are similar causes but not associated causes.
['T27n1545_021:0107b17_6']	謂過去現在不相應法。	謂過去現在不相應法。	Namely, past and present dharmas that are not associated [with mind].
['T27n1545_021:0107b17_17']	有法是相應因亦同類因。	有法是相應因亦同類因。	There are dharmas that are both associated causes and similar causes.
['T27n1545_021:0107b18_7']	謂過去現在相應法。	謂過去現在相應法。	Namely, past and present associated dharmas.
['T27n1545_021:0107b19_1']	有法非相應因非同類因。	有法非相應因非同類因。	There are dharmas that are neither associated causes nor similar causes.
['T27n1545_021:0107b19_13']	謂未來不相應法及無為法。	謂未來不相應法及無為法。	Namely, future non-associated dharmas and unconditioned dharmas.
['T27n1545_021:0107b20_9']	問若法是相應因彼亦是遍行因耶。	問若法是相應因彼亦是遍行因耶。	If a dharma is a corresponding cause, is it also a universal cause?
['T27n1545_021:0107b20_15']	答應作四句。	答應作四句。	The answer is: four sentences should be made.
['T27n1545_021:0107b21_8']	有法是相應因非遍行因。	有法是相應因非遍行因。	There are dharmas that are corresponding causes but not universal causes.
['T27n1545_021:0107b22_11']	謂除過去現在遍行隨眠及彼相應法諸餘相應法。	謂除過去現在遍行隨眠及彼相應法諸餘相應法。	Namely, excluding past and present universal latent afflictions and the dharmas associated with them, the remaining corresponding dharmas.
['T27n1545_021:0107b23_4']	有法是遍行因非相應因。	有法是遍行因非相應因。	There are dharmas that are universal causes but not corresponding causes.
['T27n1545_021:0107b24_6']	謂過去現在遍行隨眠及彼相應法生住老無常。	謂過去現在遍行隨眠及彼相應法生住老無常。	Namely, past and present universal latent afflictions and the dharmas associated with them, the arising, abiding, aging, and impermanence of dharmas.
['T27n1545_021:0107b24_17']	有法是相應因亦遍行因。	有法是相應因亦遍行因。	There are dharmas that are both corresponding causes and universal causes.
['T27n1545_021:0107b25_13']	謂過去現在遍行隨眠及彼相應法。	謂過去現在遍行隨眠及彼相應法。	Namely, past and present universal latent afflictions and the dharmas associated with them.
['T27n1545_021:0107b26_6']	有法非相應因非遍行因。	有法非相應因非遍行因。	There are dharmas that are neither corresponding causes nor universal causes.
['T27n1545_021:0107b27_4']	謂除過去現在遍行隨眠及彼相應法。	謂除過去現在遍行隨眠及彼相應法。	Namely, excluding past and present universal latent afflictions and the dharmas associated with them,
['T27n1545_021:0107b27_16']	生老住無常諸餘不相應法。	生老住無常諸餘不相應法。	the arising, abiding, aging, and impermanence of dharmas, and the remaining non-associated dharmas.
['T27n1545_021:0107b28_13']	問若法是相應因彼亦是異熟因耶。	問若法是相應因彼亦是異熟因耶。	If a dharma is a corresponding cause, is it also a ripening cause?
['T27n1545_021:0107b29_1']	答應作四句。	答應作四句。	The answer is: four sentences should be made.
['T27n1545_021:0107b29_12']	有法是相應因非異熟因。	有法是相應因非異熟因。	There are dharmas that are co-existent causes but not karmic maturation causes.
['T27n1545_021:0107c01_2']	謂無記無漏相應法。	謂無記無漏相應法。	Namely, indeterminate and pure dharmas that are co-existent.
['T27n1545_021:0107c01_13']	有法是異熟因非相應因。	有法是異熟因非相應因。	There are dharmas that are karmic maturation causes but not co-existent causes.
['T27n1545_021:0107c02_6']	謂不善善有漏不相應法。	謂不善善有漏不相應法。	Namely, unwholesome and wholesome contaminated dharmas that are not co-existent.
['T27n1545_021:0107c02_17']	有法是相應因亦異熟因。	有法是相應因亦異熟因。	There are dharmas that are co-existent causes and also karmic maturation causes.
['T27n1545_021:0107c03_8']	謂不善善有漏相應法。	謂不善善有漏相應法。	Namely, unwholesome and wholesome contaminated dharmas that are co-existent.
['T27n1545_021:0107c04_2']	有法非相應因非異熟因。	有法非相應因非異熟因。	There are dharmas that are neither co-existent causes nor karmic maturation causes.
['T27n1545_021:0107c04_12']	謂無記無漏不相應法。	謂無記無漏不相應法。	Namely, indeterminate and pure dharmas that are not co-existent.
['T27n1545_021:0107c05_8']	問若法是相應因彼亦是能作因耶。	問若法是相應因彼亦是能作因耶。	Question: If a dharma is a co-existent cause, is it also an efficient cause?
['T27n1545_021:0107c06_4']	答若法是相應因彼亦是能作因。	答若法是相應因彼亦是能作因。	Answer: If a dharma is a co-existent cause, it is also an efficient cause.
['T27n1545_021:0107c06_16']	有法是能作因彼非相應因。	有法是能作因彼非相應因。	There are dharmas that are efficient causes but not co-existent causes.
['T27n1545_021:0107c07_4']	謂不相應法。	謂不相應法。	Namely, dharmas that are not co-existent.
['T27n1545_021:0107c08_1']	問若法是俱有因彼亦是同類因耶。	問若法是俱有因彼亦是同類因耶。	Question: If a dharma is a co-existent cause, is it also a homogeneous cause?
['T27n1545_021:0107c08_15']	答若法是同類因彼亦是俱有因。	答若法是同類因彼亦是俱有因。	Answer: If a dharma is a homogeneous cause, it is also a co-existent cause.
['T27n1545_021:0107c09_8']	有法是俱有因彼非同類因。	有法是俱有因彼非同類因。	There are dharmas that are co-existent causes but not homogeneous causes.
['T27n1545_021:0107c09_13']	謂未來法。	謂未來法。	Namely, future dharmas.
['T27n1545_021:0107c10_10']	問若法是俱有因彼亦是遍行因耶。	問若法是俱有因彼亦是遍行因耶。	Question: If a dharma is a co-existent cause, is it also a universal cause?
['T27n1545_021:0107c11_6']	答若法是遍行因彼亦是俱有因。	答若法是遍行因彼亦是俱有因。	Answer: If a dharma is a universal cause, it is also a co-existent cause.
['T27n1545_021:0107c12_1']	有法是俱有因彼非遍行因。	有法是俱有因彼非遍行因。	There are dharmas that are co-existent causes but not universal causes.
['T27n1545_021:0107c13_6']	謂除過去現在遍行隨眠及彼相應俱有法諸餘有為法。	謂除過去現在遍行隨眠及彼相應俱有法諸餘有為法。	Namely, excluding past and present universal latent afflictions and the co-existent dharmas associated with them, the remaining conditioned dharmas.
['T27n1545_021:0107c14_3']	問若法是俱有因彼亦是異熟因耶。	問若法是俱有因彼亦是異熟因耶。	Question: If a dharma is a co-existent cause, is it also a ripening cause?
['T27n1545_021:0107c14_17']	答若法是異熟因彼亦是俱有因。	答若法是異熟因彼亦是俱有因。	Answer: If a dharma is a ripening cause, it is also a co-existent cause.
['T27n1545_021:0107c15_10']	有法是俱有因彼非異熟因。	有法是俱有因彼非異熟因。	There are dharmas that are co-existent causes but not ripening causes.
['T27n1545_021:0107c16_1']	謂無記無漏有為法。	謂無記無漏有為法。	Namely, indeterminate and uncontaminated conditioned dharmas.
['T27n1545_021:0107c16_16']	問若法是俱有因彼亦是能作因耶。	問若法是俱有因彼亦是能作因耶。	Question: If a dharma is a co-existent cause, is it also an efficient cause?
['T27n1545_021:0107c17_11']	答若法是俱有因彼亦是能作因。	答若法是俱有因彼亦是能作因。	Answer: If a dharma is a co-existent cause, it is also an efficient cause.
['T27n1545_021:0107c18_5']	有法是能作因彼非俱有因。	有法是能作因彼非俱有因。	There are dharmas that are efficient causes but not co-existent causes.
['T27n1545_021:0107c18_10']	謂無為法。	謂無為法。	Namely, unconditioned dharmas.
['T27n1545_021:0107c19_6']	問若法是同類因彼亦是遍行因耶。	問若法是同類因彼亦是遍行因耶。	Question: If a dharma is a homogeneous cause, is it also a universal cause?
['T27n1545_021:0107c20_2']	答若法是遍行因彼亦是同類因。	答若法是遍行因彼亦是同類因。	Answer: If a dharma is an omnipresent cause, it is also a homogeneous cause.
['T27n1545_021:0107c20_14']	有法是同類因彼非遍行因。	有法是同類因彼非遍行因。	There are dharmas that are homogeneous causes but not omnipresent causes.
['T27n1545_021:0107c22_4']	謂除過去現在遍行隨眠及彼相應俱有法諸餘過去現在法。	謂除過去現在遍行隨眠及彼相應俱有法諸餘過去現在法。	Excluding past and present omnipresent latent afflictions and the concomitant and coexistent dharmas associated with them, all other past and present dharmas.
['T27n1545_021:0107c23_1']	問若法是同類因彼亦是異熟因耶。	問若法是同類因彼亦是異熟因耶。	Question: If a dharma is a homogeneous cause, is it also a ripening cause?
['T27n1545_021:0107c23_7']	答應作四句。	答應作四句。	Answer: Four sentences should be made.
['T27n1545_021:0107c23_18']	有法是同類因非異熟因。	有法是同類因非異熟因。	There are dharmas that are homogeneous causes but not ripening causes.
['T27n1545_021:0107c24_10']	謂過去現在無記無漏法。	謂過去現在無記無漏法。	Namely, past and present indeterminate and uncontaminated dharmas.
['T27n1545_021:0107c25_3']	有法是異熟因非同類因。	有法是異熟因非同類因。	There are dharmas that are ripening causes but not homogeneous causes.
['T27n1545_021:0107c25_13']	謂未來不善善有漏法。	謂未來不善善有漏法。	Namely, future unwholesome and wholesome contaminated dharmas.
['T27n1545_021:0107c26_6']	有法是同類因亦異熟因。	有法是同類因亦異熟因。	There are dharmas that are both homogeneous causes and ripening causes.
['T27n1545_021:0107c26_18']	謂過去現在不善善有漏法。	謂過去現在不善善有漏法。	Namely, past and present unwholesome and wholesome contaminated dharmas.
['T27n1545_021:0107c27_10']	有法非同類因非異熟因。	有法非同類因非異熟因。	There are dharmas that are neither homogeneous causes nor ripening causes.
['T27n1545_021:0107c28_6']	謂未來無記無漏法及無為法。	謂未來無記無漏法及無為法。	Namely, future indeterminate and uncontaminated dharmas, and unconditioned dharmas.
['T27n1545_021:0108a01_3']	問若法是同類因彼亦是能作因耶。	問若法是同類因彼亦是能作因耶。	Question: If a dharma is a homogeneous cause, is it also an efficient cause?
['T27n1545_021:0108a01_17']	答若法是同類因彼亦是能作因。	答若法是同類因彼亦是能作因。	Answer: If a dharma is a similar cause, it is also an efficient cause.
['T27n1545_021:0108a02_10']	有法是能作因彼非同類因。	有法是能作因彼非同類因。	There are dharmas that are efficient causes but not similar causes.
['T27n1545_021:0108a03_1']	謂未來法及無為法。	謂未來法及無為法。	Namely, future dharmas and unconditioned dharmas.
['T27n1545_021:0108a03_16']	問若法是遍行因彼亦是異熟因耶。	問若法是遍行因彼亦是異熟因耶。	Question: If a dharma is a universal cause, is it also a ripening cause?
['T27n1545_021:0108a04_4']	答應作四句。	答應作四句。	Answer: Four sentences should be made.
['T27n1545_021:0108a04_15']	有法是遍行因非異熟因。	有法是遍行因非異熟因。	There are dharmas that are universal causes but not ripening causes.
['T27n1545_021:0108a05_16']	謂過去現在無記遍行隨眠及彼相應俱有法。	謂過去現在無記遍行隨眠及彼相應俱有法。	Namely, past and present neutral universal latent afflictions and the concomitant and coexistent dharmas associated with them.
['T27n1545_021:0108a06_9', 'T27n1545_021:0108a07_4']	有法是異熟因非遍行因。🔽謂除過去現在不善遍行隨眠。	有法是異熟因非遍行因。 謂除過去現在不善遍行隨眠。	There are dharmas that are ripening causes but not universal causes.
['T27n1545_021:0108a07_12']	及彼相應俱有法。	及彼相應俱有法。	Namely, excluding past and present unwholesome universal latent afflictions and the concomitant and coexistent dharmas associated with them.
['T27n1545_021:0108a08_2']	諸餘不善善有漏法。	諸餘不善善有漏法。	All other unwholesome and wholesome contaminated dharmas.
['T27n1545_021:0108a08_13']	有法是遍行因亦異熟因。	有法是遍行因亦異熟因。	There are dharmas that are both universal causes and ripening causes.
['T27n1545_021:0108a09_14']	謂過去現在不善遍行隨眠及彼相應俱有法。	謂過去現在不善遍行隨眠及彼相應俱有法。	Namely, past and present unwholesome universal latent afflictions and the concomitant and coexistent dharmas associated with them.
['T27n1545_021:0108a10_7']	有法非遍行因非異熟因。	有法非遍行因非異熟因。	There are dharmas that are neither universal causes nor ripening causes.
['T27n1545_021:0108a11_10']	謂除過去現在無記遍行隨眠及彼相應俱有法。	謂除過去現在無記遍行隨眠及彼相應俱有法。	That is, excluding past and present indeterminate universal contaminants and the dharmas concomitant with them and coexisting with them.
['T27n1545_021:0108a12_1']	諸餘無記及無漏法。	諸餘無記及無漏法。	All other indeterminate dharmas and pure dharmas.
['T27n1545_021:0108a12_16']	問若法是遍行因彼亦是能作因耶。	問若法是遍行因彼亦是能作因耶。	Question: If a dharma is a universal cause, is it also an efficient cause?
['T27n1545_021:0108a13_11']	答若法是遍行因彼亦是能作因。	答若法是遍行因彼亦是能作因。	Answer: If a dharma is a universal cause, it is also an efficient cause.
['T27n1545_021:0108a14_5']	有法是能作因彼非遍行因。	有法是能作因彼非遍行因。	There are dharmas that are efficient causes but not universal causes.
['T27n1545_021:0108a15_10']	謂除過去現在遍行隨眠及彼相應俱有法諸餘一切法。	謂除過去現在遍行隨眠及彼相應俱有法諸餘一切法。	That is, excluding past and present universal contaminants and the dharmas concomitant with them and coexisting with them, all other dharmas.
['T27n1545_021:0108a16_7']	問若法是異熟因彼亦是能作因耶。	問若法是異熟因彼亦是能作因耶。	Question: If a dharma is a ripening cause, is it also an efficient cause?
['T27n1545_021:0108a17_3']	答若法是異熟因彼亦是能作因。	答若法是異熟因彼亦是能作因。	Answer: If a dharma is a ripening cause, it is also an efficient cause.
['T27n1545_021:0108a17_15']	有法是能作因彼非異熟因。	有法是能作因彼非異熟因。	There are dharmas that are efficient causes but not ripening causes.
['T27n1545_021:0108a18_5']	謂無記及無漏法。	謂無記及無漏法。	That is, indeterminate and pure dharmas.
['T27n1545_021:0108a19_10']	問此六因幾是色幾非色。	問此六因幾是色幾非色。	Question: How many of these six causes are form and how many are not form?
['T27n1545_021:0108a19_16']	答二唯非色。	答二唯非色。	Answer: Two are only not form.
['T27n1545_021:0108a20_10']	謂相應遍行因餘通色非色。	謂相應遍行因餘通色非色。	That is, the associated cause and the universal cause. The remaining causes are both form and not form.
['T27n1545_021:0108a21_11']	如色非色有見無見有對無對有執受無執受。	如色非色有見無見有對無對有執受無執受。	It is like form and non-form, visible and invisible, resistant and unresistant, appropriated and unappropriated.
['T27n1545_021:0108a22_14']	是長養非長養是大種非大種是造色非造色亦爾。	是長養非長養是大種非大種是造色非造色亦爾。	It is like the nourished and the unnourished, the great elements and what is not the great elements, the derivative form and what is not the derivative form.
['T27n1545_021:0108a23_7']	問此六因幾有漏幾無漏。	問此六因幾有漏幾無漏。	Question: How many of these six causes are contaminated and how many are uncontaminated?
['T27n1545_021:0108a24_1']	答二唯有漏謂遍行異熟因。	答二唯有漏謂遍行異熟因。	Answer: Two are only contaminated, namely the universal cause and the cause of karmic retribution.
['T27n1545_021:0108a24_18']	餘通有漏無漏問此六因幾有為幾無為。	餘通有漏無漏問此六因幾有為幾無為。	The remaining ones are common to both contaminated and uncontaminated. Question: How many of these six causes are conditioned and how many are unconditioned?
['T27n1545_021:0108a25_15']	答五唯有為一通有為無為謂能作因。	答五唯有為一通有為無為謂能作因。	Answer: Five are only conditioned, one is common to both conditioned and unconditioned, namely the efficient cause.
['T27n1545_021:0108a26_11']	問此六因幾過去幾未來幾現在。	問此六因幾過去幾未來幾現在。	Question: How many of these six causes are past, how many are future, and how many are present?
['T27n1545_021:0108a27_7']	答三通三世謂相應俱有異熟因。	答三通三世謂相應俱有異熟因。	Answer: Three are common to the three time periods, namely the associated cause, the simultaneous cause, and the cause of karmic retribution.
['T27n1545_021:0108a28_2']	二唯過去現在謂同類遍行因。	二唯過去現在謂同類遍行因。	Two are only past and present, namely the homogeneous cause and the universal cause.
['T27n1545_021:0108a28_14']	一通三世亦離世謂能作因。	一通三世亦離世謂能作因。	One is common to the three time periods and also apart from the time periods, namely the efficient cause.
['T27n1545_021:0108a29_9']	問此六因幾善幾不善幾無記。	問此六因幾善幾不善幾無記。	Question: How many of these six causes are wholesome, how many are unwholesome, and how many are indeterminate?
['T27n1545_021:0108b01_3']	答一唯不善無記謂遍行因。	答一唯不善無記謂遍行因。	Answer: One is only unwholesome and indeterminate, namely the universal cause.
['T27n1545_021:0108b01_13']	一唯善不善謂異熟因。	一唯善不善謂異熟因。	One is only wholesome and unwholesome, namely the cause of karmic retribution.
['T27n1545_021:0108b01_18']	餘通三種。	餘通三種。	The remaining three are of all three kinds.
['T27n1545_021:0108b02_17']	問此六因幾欲界繫幾色界繫幾無色界繫。	問此六因幾欲界繫幾色界繫幾無色界繫。	Question: How many of these six causes are bound to the desire realm, how many are bound to the form realm, and how many are bound to the formless realm?
['T27n1545_021:0108b03_12']	答二唯三界繫謂遍行異熟因。	答二唯三界繫謂遍行異熟因。	Answer: Two are only bound to the three realms, namely the omnipresent cause and the cause of karmic retribution.
['T27n1545_021:0108b04_3']	餘通三界繫及不繫。	餘通三界繫及不繫。	The remaining three are of all three kinds, and also unbound.
['T27n1545_021:0108b05_1']	問此六因幾學幾無學幾非學非無學。	問此六因幾學幾無學幾非學非無學。	Question: How many of these six causes are learner's dharmas, how many are non-learner's dharmas, and how many are neither learner's nor non-learner's dharmas?
['T27n1545_021:0108b05_10']	答二唯非學非無學。	答二唯非學非無學。	Answer: Two are only neither learner's nor non-learner's dharmas,
['T27n1545_021:0108b05_17']	謂遍行異熟因。	謂遍行異熟因。	namely the omnipresent cause and the cause of karmic retribution.
['T27n1545_021:0108b06_3']	餘通三種。	餘通三種。	The remaining three are of all three kinds.
['T27n1545_021:0108b07_1']	問此六因幾見所斷幾修所斷幾不斷。	問此六因幾見所斷幾修所斷幾不斷。	Question: How many of these six causes are to be eliminated by seeing, how many are to be eliminated by cultivation, and how many are not to be eliminated?
['T27n1545_021:0108b07_12']	答一唯見所斷謂遍行因。	答一唯見所斷謂遍行因。	Answer: One is only to be eliminated by seeing, namely the omnipresent cause.
['T27n1545_021:0108b08_6']	一唯見所斷修所斷謂異熟因。	一唯見所斷修所斷謂異熟因。	One is only to be eliminated by seeing or cultivation, namely the cause of karmic retribution.
['T27n1545_021:0108b08_11']	餘通三種。	餘通三種。	The remaining three are of all three kinds.
['T27n1545_021:0108b09_4']	問此六因幾染污幾不染污。	問此六因幾染污幾不染污。	Question: How many of these six causes are defiled and how many are undefiled?
['T27n1545_021:0108b09_14']	答一唯染污謂遍行因。	答一唯染污謂遍行因。	Answer: One is only defiled, namely the omnipresent cause.
['T27n1545_021:0108b09_19']	餘通二種。	餘通二種。	The remaining three are of both kinds.
['T27n1545_021:0108b11_4']	如染污不染污有罪無罪黑白有覆無覆退非退亦爾。	如染污不染污有罪無罪黑白有覆無覆退非退亦爾。	Like defiled and undefiled, guilty and guiltless, dark and bright, covered and uncovered, regressing and non-regressing are also the same.
['T27n1545_021:0108b11_17']	問此六因幾有異熟幾無異熟。	問此六因幾有異熟幾無異熟。	Question: How many of these six causes have karmic retribution and how many do not have karmic retribution?
['T27n1545_021:0108b12_9']	答一有異熟謂異熟因。	答一有異熟謂異熟因。	Answer: One has karmic retribution, namely the karmic retribution cause.
['T27n1545_021:0108b12_14']	餘通二種。	餘通二種。	The rest are of two kinds.
['T27n1545_021:0108b13_9']	問此六因幾是異熟幾非異熟。	問此六因幾是異熟幾非異熟。	Question: How many of these six causes are karmic retribution and how many are not karmic retribution?
['T27n1545_021:0108b14_3']	答二非異熟謂遍行異熟因。	答二非異熟謂遍行異熟因。	Answer: Two are not karmic retribution, namely the universal cause and the karmic retribution cause.
['T27n1545_021:0108b14_8']	餘通二種。	餘通二種。	The rest are of two kinds.
['T27n1545_021:0108b14_16']	問此六因幾相應。	問此六因幾相應。	Question: How many of these six causes are associated?
['T27n1545_021:0108b15_2']	幾不相應。	幾不相應。	How many are not associated?
['T27n1545_021:0108b15_12']	答一唯相應謂相應因。	答一唯相應謂相應因。	Answer: One is only associated, namely the associated cause.
['T27n1545_021:0108b15_17']	餘通二種。	餘通二種。	The rest are of two kinds.
['T27n1545_021:0108b16_5', 'T27n1545_021:0108b16_12', 'T27n1545_021:0108b17_1']	如相應不相應。🔽有所依無所依。🔽有所緣無所緣。	如相應不相應。 有所依無所依。 有所緣無所緣。	As with association and non-association,🔽there is support and no support,🔽there is an object and no object,
['T27n1545_021:0108b17_8']	有行相無行相。	有行相無行相。	there is a mode of activity and no mode of activity,
['T27n1545_021:0108b17_15']	有警覺無警覺。	有警覺無警覺。	there is arousal and no arousal,
['T27n1545_021:0108b18_7']	有等無間無等無間亦爾。	有等無間無等無間亦爾。	there is a similar and immediately antecedent condition and no similar and immediately antecedent condition, it is the same.
['T27n1545_021:0108b19_4']	問此六因幾是四諦攝幾非四諦攝。	問此六因幾是四諦攝幾非四諦攝。	Question: How many of these six causes are included in the four truths and how many are not included in the four truths?
['T27n1545_021:0108b19_18']	答二唯苦集諦攝謂遍行異熟因。	答二唯苦集諦攝謂遍行異熟因。	Answer: Two are only included in the truths of suffering and accumulation, namely the universal cause and the karmic retribution cause.
['T27n1545_021:0108b20_15']	三唯苦集道諦攝謂相應俱有同類因。	三唯苦集道諦攝謂相應俱有同類因。	Three are only included in the truths of suffering, accumulation, and the path, namely the associated cause, the co-existent cause, and the similar cause.
['T27n1545_021:0108b21_10']	一通四諦及非諦攝謂能作因。	一通四諦及非諦攝謂能作因。	One is common to the four truths and that which is not subsumed by the truths, namely the efficient cause.
['T27n1545_021:0108b22_7']	問此六因幾是五蘊攝幾非五蘊攝。	問此六因幾是五蘊攝幾非五蘊攝。	Question: How many of these six causes are subsumed by the five aggregates, and how many are not subsumed by the five aggregates?
['T27n1545_021:0108b23_5']	答二唯四蘊攝除色蘊謂相應遍行因。	答二唯四蘊攝除色蘊謂相應遍行因。	Answer: Two are only subsumed by the four aggregates excluding form, namely the associated cause and the universal cause.
['T27n1545_021:0108b24_1']	三通五蘊攝謂俱有同類異熟因。	三通五蘊攝謂俱有同類異熟因。	Three are common to the five aggregates, namely the co-existent cause, the similar cause, and the ripening cause.
['T27n1545_021:0108b24_14']	一通五蘊及非蘊攝謂能作因。	一通五蘊及非蘊攝謂能作因。	One is common to the five aggregates and that which is not an aggregate, namely the efficient cause.
['T27n1545_021:0108b25_5']	問此六因幾何處攝。	問此六因幾何處攝。	Question: How many of these six causes are subsumed by which sense bases?
['T27n1545_021:0108b26_1']	答二唯意法處攝謂相應遍行因。	答二唯意法處攝謂相應遍行因。	Answer: Two are only subsumed by the mental sense base and the dharma sense base, namely the associated cause and the universal cause.
['T27n1545_021:0108b26_14']	一唯色聲意法處攝謂異熟因。	一唯色聲意法處攝謂異熟因。	One is only subsumed by the form sense base, the sound sense base, the mental sense base, and the dharma sense base, namely the ripening cause.
['T27n1545_021:0108b27_11']	三通十二處攝謂俱有同類能作因。	三通十二處攝謂俱有同類能作因。	Three are common to the twelve sense bases, namely the co-existent cause, the similar cause, and the efficient cause.
['T27n1545_021:0108b28_2']	問此六因幾何界攝。	問此六因幾何界攝。	Question: How many of these six causes are subsumed by which realms?
['T27n1545_021:0108b28_16']	答一唯意法意識界攝謂遍行因。	答一唯意法意識界攝謂遍行因。	Answer: One is only subsumed by the mental realm, the dharma realm, and the mental consciousness realm, namely the universal cause.
['T27n1545_021:0108b29_9']	一唯七心法界攝謂相應因。	一唯七心法界攝謂相應因。	One is only subsumed by the seven mental sense bases and the dharma sense base, namely the associated cause.
['T27n1545_021:0108c01_5']	一唯色聲七心法界攝謂異熟因。	一唯色聲七心法界攝謂異熟因。	One is only subsumed by the form sense base, the sound sense base, the seven mental sense bases, and the dharma sense base, namely the ripening cause.
['T27n1545_021:0108c02_2']	三通十八界攝謂俱有同類能作因。	三通十八界攝謂俱有同類能作因。	Three are common to the eighteen realms, namely the co-existent cause, the similar cause, and the efficient cause.
['T27n1545_021:0108c03_9']	問如是六因誰有何果。	問如是六因誰有何果。	Question: What are the fruits of these six causes?
['T27n1545_021:0108c04_2']	答相應俱有因有士用果。	答相應俱有因有士用果。	Answer: The associated cause and co-existent cause have the effect of human effort.
['T27n1545_021:0108c04_12']	同類遍行因有等流果。	同類遍行因有等流果。	The homogeneous cause and universal cause have the effect of outflow.
['T27n1545_021:0108c05_1']	異熟因有異熟果。	異熟因有異熟果。	The retribution cause has the effect of retribution.
['T27n1545_021:0108c05_9']	能作因有增上果。	能作因有增上果。	The efficient cause has the effect of dominance.
['T27n1545_021:0108c06_3']	其解脫果是道所證非因所得。	其解脫果是道所證非因所得。	The effect of emancipation is realized by the path and not obtained by a cause.
['T27n1545_021:0108c06_17']	問如是六因何時取果何時與果。	問如是六因何時取果何時與果。	Question: When do these six causes take their fruits and when do they give their fruits?
['T27n1545_021:0108c07_14', 'T27n1545_021:0108c08_7']	答相應俱有因現在取果現在與果。🔽一剎那取果一剎那與果。	答相應俱有因現在取果現在與果。 一剎那取果一剎那與果。	Answer: The associated cause and co-existent cause take their fruits in the present and give their fruits in the present.🔽They take their fruits in one moment and give their fruits in one moment.
['T27n1545_021:0108c09_1']	取一剎那果與一剎那果。	取一剎那果與一剎那果。	They take one moment of fruit and give one moment of fruit.
['T27n1545_021:0108c09_11']	同類遍行因現在取果。	同類遍行因現在取果。	The homogeneous cause and universal cause take their fruits in the present.
['T27n1545_021:0108c09_18']	過去現在與果。	過去現在與果。	They give their fruits in the past and present.
['T27n1545_021:0108c10_5', 'T27n1545_021:0108c10_11']	一剎那取果。🔽多剎那與果。	一剎那取果。 多剎那與果。	They take their fruits in one moment.🔽They give their fruits in many moments.
['T27n1545_021:0108c10_17']	取多剎那果。	取多剎那果。	They take many moments of fruit.
['T27n1545_021:0108c11_4']	與多剎那果。	與多剎那果。	They give many moments of fruit.
['T27n1545_021:0108c11_16']	異熟因現在取果過去與果。	異熟因現在取果過去與果。	The retribution cause takes its fruit in the present and gives it in the past.
['T27n1545_021:0108c12_8']	一剎那取果多剎那與果。	一剎那取果多剎那與果。	It takes its fruit in one moment and gives its fruit in many moments.
['T27n1545_021:0108c13_2', 'T27n1545_021:0108c13_10']	取多剎那果與多剎那果。🔽能作因有作是說。	取多剎那果與多剎那果。 能作因有作是說。	Some take many moments to give effects and give effects over many moments.
['T27n1545_021:0108c14_3']	現在取果過去現在與果。	現在取果過去現在與果。	Regarding the efficient cause, there is an interpretation that it takes present effects and gives past and present effects.
['T27n1545_021:0108c14_14']	一剎那取果多剎那與果。	一剎那取果多剎那與果。	It takes effects in one moment and gives effects over many moments.
['T27n1545_021:0108c15_7', 'T27n1545_021:0108c15_12']	取多剎那果與多剎那果。🔽有餘師說。	取多剎那果與多剎那果。 有餘師說。	It takes many moments to give effects and gives effects over many moments.
['T27n1545_021:0108c16_11']	此能作因過去現在取果過去現在與果。	此能作因過去現在取果過去現在與果。	There is an interpretation that this efficient cause takes past and present effects and gives past and present effects.
['T27n1545_021:0108c17_4']	多剎那取果多剎那與果。	多剎那取果多剎那與果。	It takes effects in many moments and gives effects over many moments.
['T27n1545_021:0108c17_17']	若取果時即能與果餘如前說。	若取果時即能與果餘如前說。	If it takes effects, then it can give effects. The rest is as explained above.
['T27n1545_021:0108c19_8']	若能覺了如是六因即於四果分明照察如觀掌中餘甘子等。	若能覺了如是六因即於四果分明照察如觀掌中餘甘子等。	If one can understand these six causes, then one clearly perceives the four effects, just as one sees a myrobalan fruit in the palm of one’s hand.
['T27n1545_021:0108c20_14']	復次諸法作用必假因緣因已廣辯。	復次諸法作用必假因緣因已廣辯。	Next, the functioning of dharmas necessarily depends on conditions. The causes have already been discussed in detail.
['T27n1545_021:0108c21_1']	次應說緣。	次應說緣。	Next, we should discuss conditions.
['T27n1545_021:0108c21_6']	緣有四種。	緣有四種。	There are four kinds of conditions.
['T27n1545_021:0108c21_15']	如施設論及見蘊辯。	如施設論及見蘊辯。	As discussed in the Prajñaptiśāstra and the Abhidharma-nyāyānusāra-śāstra.
['T27n1545_021:0108c22_5']	然施設論作如是說。	然施設論作如是說。	However, the Prajñaptiśāstra states:
['T27n1545_021:0108c23_10']	有法是因緣彼亦是等無間緣亦是所緣緣亦是增上緣。	有法是因緣彼亦是等無間緣亦是所緣緣亦是增上緣。	There are dharmas that are causal conditions and are also immediately antecedent conditions, and are also object conditions, and are also dominant conditions.
['T27n1545_021:0108c24_17']	乃至有法是增上緣彼亦是因緣亦是等無間緣亦是所緣緣。	乃至有法是增上緣彼亦是因緣亦是等無間緣亦是所緣緣。	Up to there are dharmas that are dominant conditions and are also causal conditions, and are also immediately antecedent conditions, and are also object conditions.
['T27n1545_021:0108c25_16']	問一切法中有能作四緣者如心心所法。	問一切法中有能作四緣者如心心所法。	Question: Among all dharmas, there are those that can act as the four conditions, such as mind and mental factors.
['T27n1545_021:0108c26_13']	有能作三緣者如色心不相應行。	有能作三緣者如色心不相應行。	There are those that can act as three conditions, such as form, mind, and non-associated formative forces.
['T27n1545_021:0108c27_7']	有能作二緣者如無為法。	有能作二緣者如無為法。	There are those that can act as two conditions, such as unconditioned dharmas.
['T27n1545_021:0108c28_12']	何故彼說有法是因緣彼亦是等無間緣乃至廣說耶。	何故彼說有法是因緣彼亦是等無間緣乃至廣說耶。	Why did he say, There are dharmas that are causal conditions and are also object conditions, and so on?
['T27n1545_021:0108c29_4']	答彼依容有故作是說。	答彼依容有故作是說。	Answer: He spoke thus based on the possibility of such dharmas.
['T27n1545_021:0109a01_8']	謂諸法中有心心所具四緣性不說一切皆作四緣。	謂諸法中有心心所具四緣性不說一切皆作四緣。	That is to say, among all dharmas, there are minds and mental factors that possess the nature of the four conditions, but he did not say that all of them act as the four conditions.
['T27n1545_021:0109a01_17']	若盡理者應作是說。	若盡理者應作是說。	If one were to speak in accordance with the ultimate principle, one should say:
['T27n1545_021:0109a02_14']	問若法是因緣彼亦是等無間緣耶。	問若法是因緣彼亦是等無間緣耶。	Question: If a dharma is a causal condition, is it also an immediately antecedent condition?
['T27n1545_021:0109a03_10']	答若法是等無間緣彼亦是因緣。	答若法是等無間緣彼亦是因緣。	Answer: If a dharma is an immediately antecedent condition, it is also a causal condition.
['T27n1545_021:0109a03_16']	有法是因緣。	有法是因緣。	There are dharmas that are causal conditions.
['T27n1545_021:0109a04_5']	彼非等無間緣。	彼非等無間緣。	They are not the immediately preceding condition.
['T27n1545_021:0109a05_7']	謂除過去現在非最後心心所法餘一切有為法。	謂除過去現在非最後心心所法餘一切有為法。	It means all conditioned dharmas except for past and present non-final mind and mental factors.
['T27n1545_021:0109a06_3']	問若法是因緣彼亦是所緣緣耶。	問若法是因緣彼亦是所緣緣耶。	Question: If a dharma is the cause condition, is it also the object condition?
['T27n1545_021:0109a06_16']	答若法是因緣彼亦是所緣緣。	答若法是因緣彼亦是所緣緣。	Answer: If a dharma is the cause condition, it is also the object condition.
['T27n1545_021:0109a07_13']	有法是所緣緣彼非因緣謂無為法。	有法是所緣緣彼非因緣謂無為法。	There are dharmas that are the object condition but not the cause condition, namely unconditioned dharmas.
['T27n1545_021:0109a08_9']	問若法是因緣彼亦是增上緣耶。	問若法是因緣彼亦是增上緣耶。	Question: If a dharma is the cause condition, is it also the dominant condition?
['T27n1545_021:0109a09_4']	答若法是因緣彼亦是增上緣。	答若法是因緣彼亦是增上緣。	Answer: If a dharma is the cause condition, it is also the dominant condition.
['T27n1545_021:0109a10_2']	有法是增上緣彼非因緣謂無為法。	有法是增上緣彼非因緣謂無為法。	There are dharmas that are the dominant condition but not the cause condition, namely unconditioned dharmas.
['T27n1545_021:0109a10_18']	問若法是等無間緣彼亦是所緣緣耶。	問若法是等無間緣彼亦是所緣緣耶。	Question: If a dharma is the immediately preceding condition, is it also the object condition?
['T27n1545_021:0109a11_14']	答若法是等無間緣彼亦是所緣緣。	答若法是等無間緣彼亦是所緣緣。	Answer: If a dharma is the immediately preceding condition, it is also the object condition.
['T27n1545_021:0109a12_9']	有法是所緣緣彼非等無間緣。	有法是所緣緣彼非等無間緣。	There are dharmas that are the object condition but not the immediately preceding condition.
['T27n1545_021:0109a13_9']	謂除過去現在非最後心心所法餘一切法。	謂除過去現在非最後心心所法餘一切法。	It means all dharmas except for past and present non-final mind and mental factors.
['T27n1545_021:0109a14_7']	問若法是等無間緣彼亦是增上緣耶。	問若法是等無間緣彼亦是增上緣耶。	Question: If a dharma is an immediately preceding condition, is it also a dominant condition?
['T27n1545_021:0109a15_4']	答若法是等無間緣彼亦是增上緣。	答若法是等無間緣彼亦是增上緣。	Answer: If a dharma is an immediately preceding condition, it is also a dominant condition.
['T27n1545_021:0109a15_17']	有法是增上緣彼非等無間緣。	有法是增上緣彼非等無間緣。	There are dharmas that are dominant conditions but not immediately preceding conditions.
['T27n1545_021:0109a16_17']	謂除過去現在非最後心心所法餘一切法。	謂除過去現在非最後心心所法餘一切法。	Excluding past and present non-final mental and mental factor dharmas, the remaining dharmas.
['T27n1545_021:0109a17_14']	問若法是所緣緣彼亦是增上緣耶。	問若法是所緣緣彼亦是增上緣耶。	Question: If a dharma is an object condition, is it also a dominant condition?
['T27n1545_021:0109a17_18']	答如是。	答如是。	Answer: So it is.
['T27n1545_021:0109a19_1']	問若於一法具四緣者應但一緣云何立四。	問若於一法具四緣者應但一緣云何立四。	Question: If a single dharma is endowed with four conditions, it should be only one condition. Why establish four?
['T27n1545_021:0109a19_11']	答依作用立不依物體。	答依作用立不依物體。	Answer: Conditions are established based on function, not on substance.
['T27n1545_021:0109a20_3']	一物體中有四用故。	一物體中有四用故。	Because within a single substance there are four functions.
['T27n1545_021:0109a21_11']	謂一剎那心心所法引起次後剎那同類心心所故立為因緣。	謂一剎那心心所法引起次後剎那同類心心所故立為因緣。	That is, a single moment of mind and mental factors gives rise to subsequent moments of the same kind of mind and mental factors, and is therefore established as the causal condition.
['T27n1545_021:0109a21_16']	即此開避。	即此開避。	This very [causal condition] makes way for
['T27n1545_021:0109a22_10']	次後剎那心心所法令得生故。	次後剎那心心所法令得生故。	subsequent moments of mind and mental factors to arise,
['T27n1545_021:0109a22_17']	立為等無間緣。	立為等無間緣。	and is therefore established as the immediately preceding condition.
['T27n1545_021:0109a23_16']	即此能為次後剎那心心所法所取境故。	即此能為次後剎那心心所法所取境故。	This very [immediately preceding condition] is able to be the object of subsequent moments of mind and mental factors, and is therefore established as the object condition.
['T27n1545_021:0109a24_4']	立為所緣緣。	立為所緣緣。	It is established as the object condition.
['T27n1545_021:0109a25_4']	即此不障礙次後剎那心心所法令得生故。	即此不障礙次後剎那心心所法令得生故。	This is because it does not obstruct the mind and mental factors of the next moment from arising.
['T27n1545_021:0109a25_10']	立為增上緣。	立為增上緣。	It is established as the dominant condition.
['T27n1545_021:0109a26_1', 'T27n1545_021:0109a26_10']	此中因緣如種子法。🔽等無間緣如開導法。	此中因緣如種子法。 等無間緣如開導法。	Among these, the causal condition is like the nature of a seed.🔽The immediately preceding condition is like the nature of opening and leading.
['T27n1545_021:0109a26_18']	所緣緣如任杖法。	所緣緣如任杖法。	The object condition is like the nature of support.
['T27n1545_021:0109a27_7']	增上緣如不障法。	增上緣如不障法。	The dominant condition is like the nature of non-obstruction.
['T27n1545_021:0109a28_8']	如是等過去現在非最後心心所法具四緣性。	如是等過去現在非最後心心所法具四緣性。	In this way, past and present minds and mental factors, except for the final ones, have the nature of the four conditions.
['T27n1545_021:0109a28_17']	餘有為法有三緣性。	餘有為法有三緣性。	Other conditioned dharmas have the nature of three conditions.
['T27n1545_021:0109a29_8']	三無為法有二緣性。	三無為法有二緣性。	The three unconditioned dharmas have the nature of two conditions.
['T27n1545_021:0109a29_17']	皆依義說不依物體。	皆依義說不依物體。	This is said based on meaning, not on substance.
['T27n1545_021:0109b01_15']	一物體中有多義故如諸法中有能作。	一物體中有多義故如諸法中有能作。	Because there are many meanings within a single substance, like the six causes that can be produced in dharmas.
['T27n1545_021:0109b02_2']	六因者。	六因者。	The six causes are:
['T27n1545_021:0109b03_4']	謂過去現在不善遍行隨眠及彼相應法有能作。	謂過去現在不善遍行隨眠及彼相應法有能作。	Unwholesome and pervasive latent afflictions of the past and present, as well as the dharmas associated with them, have the ability to produce.
['T27n1545_021:0109b03_8']	五因者。	五因者。	The five causes are:
['T27n1545_021:0109b04_6']	謂過去現在無記遍行隨眠及彼相應法。	謂過去現在無記遍行隨眠及彼相應法。	Indeterminate and pervasive latent afflictions of the past and present, as well as the dharmas associated with them.
['T27n1545_021:0109b05_9']	或過去現在不善遍行隨眠及彼相應法生老住無常。	或過去現在不善遍行隨眠及彼相應法生老住無常。	Or past and present non-virtuous and omnipresent latent afflictions, and the dharmas associated with them, such as birth, aging, abiding, and impermanence.
['T27n1545_021:0109b06_12']	或過去現在非遍行不善善有漏心心所法有能作。	或過去現在非遍行不善善有漏心心所法有能作。	Or past and present non-omnipresent non-virtuous and wholesome contaminated minds and mental factors have the ability to act as causes.
['T27n1545_021:0109b06_16']	四因者。	四因者。	The four causes are:
['T27n1545_021:0109b08_2']	謂過去現在無記遍行隨眠及彼相應法生老住無常。	謂過去現在無記遍行隨眠及彼相應法生老住無常。	Namely, past and present neutral omnipresent latent afflictions and the dharmas associated with them, such as birth, aging, abiding, and impermanence.
['T27n1545_021:0109b09_4']	或過去現在非遍行不善善有漏色心不相應行。	或過去現在非遍行不善善有漏色心不相應行。	Or past and present non-omnipresent non-virtuous and wholesome contaminated form, mind, and factors not directly associated with mind.
['T27n1545_021:0109b09_16']	或過去現在無漏心心所法。	或過去現在無漏心心所法。	Or past and present uncontaminated minds and mental factors.
['T27n1545_021:0109b10_13']	或過去現在非遍行無記心心所法。	或過去現在非遍行無記心心所法。	Or past and present non-omnipresent neutral minds and mental factors.
['T27n1545_021:0109b11_11']	或未來不善善有漏心心所法有能作。	或未來不善善有漏心心所法有能作。	Or future non-virtuous and wholesome contaminated minds and mental factors have the ability to act as causes.
['T27n1545_021:0109b11_15', 'T27n1545_021:0109b12_14', 'T27n1545_021:0109b13_10']	三因者。🔽謂過去現在非遍行無記色心不相應行。🔽或過去現在無漏色心不相應行。	三因者。 謂過去現在非遍行無記色心不相應行。 或過去現在無漏色心不相應行。	The three causes are:🔽Namely, past and present non-omnipresent neutral form, mind, and factors not directly associated with mind.🔽Or past and present uncontaminated form, mind, and factors not directly associated with mind.
['T27n1545_021:0109b14_7']	或未來不善善有漏色心不相應行。	或未來不善善有漏色心不相應行。	Or future non-virtuous and wholesome contaminated form, mind, and factors not directly associated with mind.
['T27n1545_021:0109b15_4']	或未來無記無漏心心所法有能作。	或未來無記無漏心心所法有能作。	Or, future indeterminate and pure minds and mental factors have the ability to act as two causes.
['T27n1545_021:0109b15_8']	二因者。	二因者。	The two causes are:
['T27n1545_021:0109b16_7']	謂未來無記無漏色心不相應行有能作。	謂未來無記無漏色心不相應行有能作。	Future indeterminate and pure form, mind, and factors not directly associated with mind have the ability to act as one cause.
['T27n1545_021:0109b16_11']	一因者。	一因者。	The one cause is:
['T27n1545_021:0109b16_18']	謂無為法如一。	謂無為法如一。	Unconditioned dharmas are like one.
['T27n1545_021:0109b17_4']	有為有多。	有為有多。	Conditioned dharmas have many.
['T27n1545_021:0109b17_11']	因義互不相違。	因義互不相違。	The meanings of causes do not contradict each other.
['T27n1545_021:0109b17_16']	緣亦應爾。	緣亦應爾。	Conditions should also be so.
['T27n1545_021:0109b18_7']	問若爾因緣有何差別。	問若爾因緣有何差別。	Question: If so, what is the difference between causes and conditions?
['T27n1545_021:0109b18_16']	尊者世友作如是言。	尊者世友作如是言。	Venerable Vasumitra said:
['T27n1545_021:0109b19_3']	無有差別。	無有差別。	There is no difference.
['T27n1545_021:0109b19_12']	因即是緣緣即是因。	因即是緣緣即是因。	Causes are conditions, and conditions are causes.
['T27n1545_021:0109b20_8']	如契經說二因二緣能生正見。	如契經說二因二緣能生正見。	As a sutra says: Two causes and two conditions can give rise to right view.
['T27n1545_021:0109b21_1']	謂他言音及內如理作意。	謂他言音及內如理作意。	Namely, the words of others and proper reflection within oneself.
['T27n1545_021:0109b21_9']	又如大因緣經說。	又如大因緣經說。	Also, as the Mahānidāna Sūtra says:
['T27n1545_021:0109b22_4']	佛告阿難。	佛告阿難。	The Buddha said to Ānanda:
['T27n1545_021:0109b22_12']	老死支有如是由。	老死支有如是由。	The link of old age and death has such a way of being.
['T27n1545_021:0109b23_3']	有如是因有如是集。	有如是因有如是集。	It has such a cause, such an origination,
['T27n1545_021:0109b23_8']	有如是生。	有如是生。	such a birth,
['T27n1545_021:0109b23_13']	有如是緣。	有如是緣。	such a condition.
['T27n1545_021:0109b24_1']	謂生支是也。	謂生支是也。	Namely, the link of birth.
['T27n1545_021:0109b24_10']	故知因緣無有差別。	故知因緣無有差別。	Therefore, causes and conditions are known to be without difference.
['T27n1545_021:0109b24_15']	復作是說。	復作是說。	There is also this explanation:
['T27n1545_021:0109b25_11']	若有此則有彼此是彼因亦是彼緣。	若有此則有彼此是彼因亦是彼緣。	If this exists, then that exists. This is the cause of that, and also the condition of that.
['T27n1545_021:0109b26_11']	問由有瓶故得有瓶覺豈此瓶覺唯瓶為因。	問由有瓶故得有瓶覺豈此瓶覺唯瓶為因。	Question: If because of the existence of a pot, there is the cognition of a pot, is the cognition of a pot only caused by the pot?
['T27n1545_021:0109b27_13']	答非但有瓶則有瓶覺以無瓶時亦有瓶覺。	答非但有瓶則有瓶覺以無瓶時亦有瓶覺。	Answer: It is not only because of the existence of a pot that there is the cognition of a pot. Even when there is no pot, there is still the cognition of a pot.
['T27n1545_021:0109b28_14']	雖有瓶時無瓶覺故然有和合故得有瓶覺。	雖有瓶時無瓶覺故然有和合故得有瓶覺。	Although there is a pot, there is no cognition of a pot. Therefore, because there is a combination, there is the cognition of a pot.
['T27n1545_021:0109b29_7']	是故和合是瓶覺因緣。	是故和合是瓶覺因緣。	Therefore, the combination is the cause and condition of the cognition of a pot.
['T27n1545_021:0109b29_12']	有作是說。	有作是說。	There is also this explanation:
['T27n1545_021:0109c01_6']	和合是因此和合因說名為緣。	和合是因此和合因說名為緣。	The combination is the cause. The cause of the combination is called the condition.
['T27n1545_021:0109c01_16']	問若一一別不名為因。	問若一一別不名為因。	Question: If each individual is not called a cause,
['T27n1545_021:0109c02_6']	眾事和合亦應非因。	眾事和合亦應非因。	then the combination of many things should also not be a cause.
['T27n1545_021:0109c02_16']	答如一一別不名和合。	答如一一別不名和合。	Answer: Just as each individual is not called a combination,
['T27n1545_021:0109c03_7']	眾事聚集即名和合。	眾事聚集即名和合。	the aggregation of many things is called a combination.
['T27n1545_021:0109c04_6']	故一一別不名為因眾事和合得名為因。	故一一別不名為因眾事和合得名為因。	Therefore, each individual is not called a cause, but the combination of many things is called a cause.
['T27n1545_021:0109c04_11']	復有說者。	復有說者。	There is also this explanation:
['T27n1545_021:0109c05_2']	同類是因異類是緣。	同類是因異類是緣。	Homogeneous things are causes, heterogeneous things are conditions.
['T27n1545_021:0109c05_15']	如火於火麥於麥等說名同類。	如火於火麥於麥等說名同類。	Fire is said to be homogeneous with fire, wheat is said to be homogeneous with wheat, and so on.
['T27n1545_021:0109c06_8']	問麥於麥芽有何同類。	問麥於麥芽有何同類。	Question: What is the same class of barley in relation to the barley sprout?
['T27n1545_021:0109c07_1']	若同稱麥名同類者。	若同稱麥名同類者。	If the same class is called barley,
['T27n1545_021:0109c07_14']	應田水等大種同故亦名同類。	應田水等大種同故亦名同類。	then the great elements such as field and water should also be called the same class because they are the same.
['T27n1545_021:0109c08_5']	則田水等應是麥因。	則田水等應是麥因。	Then the field, water, etc. should be the cause of barley.
['T27n1545_021:0109c08_10']	復有說者。	復有說者。	Furthermore, there is an explanation.
['T27n1545_021:0109c09_1']	近者是因遠者是緣。	近者是因遠者是緣。	The proximate is the cause, the distant is the condition.
['T27n1545_021:0109c09_15', 'T27n1545_021:0109c10_7']	問若爾因與等無間緣應無差別。🔽又善心無間起不善。	問若爾因與等無間緣應無差別。 又善心無間起不善。	Question: If so, the cause and the immediately preceding condition should be without distinction.
['T27n1545_021:0109c10_17']	或無記心應是因非緣。	或無記心應是因非緣。	Moreover, an unwholesome or indeterminate mind arises immediately after a wholesome mind, it should be the cause but not the condition.
['T27n1545_021:0109c11_4']	復有說者。	復有說者。	Furthermore, there is an explanation.
['T27n1545_021:0109c11_13']	不共是因共者是緣。	不共是因共者是緣。	The exclusive is the cause, the shared is the condition.
['T27n1545_021:0109c12_11']	問若爾眼於眼識應是因非緣以不共故。	問若爾眼於眼識應是因非緣以不共故。	Question: If so, the eye should be the cause but not the condition of the eye consciousness because it is exclusive.
['T27n1545_021:0109c13_10']	又麥於芽灰應是緣非因以是共故。	又麥於芽灰應是緣非因以是共故。	Moreover, the ash of barley should be the condition but not the cause of the sprout because it is shared.
['T27n1545_021:0109c13_15']	復有說者。	復有說者。	Furthermore, there is an explanation.
['T27n1545_021:0109c14_10']	能生者是因隨能生者是緣。	能生者是因隨能生者是緣。	The producer is the cause, the follower of the producer is the condition.
['T27n1545_021:0109c16_1', 'T27n1545_021:0109c16_6']	問若爾生支於老死應非緣隨順生支有等於老死應非因。🔽復有說者。	問若爾生支於老死應非緣隨順生支有等於老死應非因。🔽復有說者。	Question: If so, the arising factor should not be the condition of old age and death, and the follower of the arising factor should not be the cause of old age and death because it is equal to the arising factor.
['T27n1545_021:0109c16_16']	能長養自相續者是因。	能長養自相續者是因。	That which nourishes one's own continuity is the cause.
['T27n1545_021:0109c17_7']	能長養他相續者是緣。	能長養他相續者是緣。	That which nourishes the continuity of others is the condition.
['T27n1545_021:0109c18_16']	問若爾緣自相續所起善心唯長養自相續應是因非緣大德說曰。	問若爾緣自相續所起善心唯長養自相續應是因非緣大德說曰。	Question: If that is so, then the wholesome mind arisen from one's own continuity should only be the cause, not the condition, because it nourishes one's own continuity. The Venerable One said:
['T27n1545_021:0109c19_7']	轉是因隨轉是緣。	轉是因隨轉是緣。	That which transforms is the cause, that which follows is the condition.
['T27n1545_021:0109c19_14']	近是因遠是緣。	近是因遠是緣。	That which is near is the cause, that which is far is the condition.
['T27n1545_021:0109c20_3']	如近遠在此在彼。	如近遠在此在彼。	Just like near and far, here and there.
['T27n1545_021:0109c20_9']	和合不和合。	和合不和合。	In union and non-union,
['T27n1545_021:0109c20_16']	在此身在餘身。	在此身在餘身。	In this body and in other bodies,
['T27n1545_021:0109c21_3']	應知亦爾。	應知亦爾。	One should know it is also like this.
['T27n1545_021:0109c22_9']	問若爾同類隨轉應是緣非因無明緣行等應是因非緣。	問若爾同類隨轉應是緣非因無明緣行等應是因非緣。	Question: If that is so, then the similar and immediately antecedent condition should be the condition, not the cause. The condition of ignorance giving rise to the formative forces, etc., should be the cause, not the condition.
['T27n1545_021:0109c23_5']	故因緣體雖無差別而義有異。	故因緣體雖無差別而義有異。	Therefore, although the essence of the causal condition is without distinction, there are differences in meaning.
['T27n1545_021:0109c23_10']	謂因義親。	謂因義親。	The meaning of cause is intimate.
['T27n1545_021:0109c23_15']	緣義是疎。	緣義是疎。	The meaning of condition is distant.
['T27n1545_021:0109c24_6']	為表此義說因有六。	為表此義說因有六。	In order to express this meaning, six causes are spoken of.
['T27n1545_021:0109c25_2']	說緣有四若不爾者名數應同。	說緣有四若不爾者名數應同。	Four conditions are spoken of. If it were not so, the names and numbers should be the same.🔽Here is the corrected and aligned text:🔽Here is the corrected and aligned text:
['T27n1545_021:0109c26_100']	說一切有部發智大毘婆沙論卷第二十一	說一切有部發智大毘婆沙論卷第二十一	Here is the corrected and aligned text:
